"No."	"Word"	"Total no. in this subcorpus"	"Expected collocate frequency"	"Observed collocate frequency"	"In no. of texts"	"Dice coefficient value"	"Sense"
1	"Augustinus"	1868	"6.775"	446	72	"0.063"	"livre"
2	"Regum"	2335	"8.469"	444	105	"0.06"	"livre"
3	"eodem"	7506	"27.223"	327	93	"0.033"	"livre"
4	"Item"	9688	"35.137"	341	57	"0.031"	"livre"
5	"de"	136672	"495.689"	2086	342	"0.028"	"livre"
6	"legitur"	3327	"12.067"	209	102	"0.027"	"livre"
7	"primo"	4829	"17.514"	228	89	"0.026"	"libre"
8	"quinque"	3634	"13.18"	201	76	"0.025"	"livre"
9	"scriptum"	8276	"30.016"	242	85	"0.024"	"livre"
10	"in"	463796	"1682.119"	5543	485	"0.023"	"livre"
11	"secundo"	2140	"7.762"	168	70	"0.023"	"?"
12	"Paralipomenon"	275	"0.997"	139	46	"0.022"	"livre"
13	"Secundus"	894	"3.242"	142	101	"0.021"	"livre"
14	"beatus"	5441	"19.734"	188	68	"0.021"	"?"
15	"Augustini"	834	"3.025"	136	49	"0.021"	"livre"
16	"idem"	9197	"33.356"	218	50	"0.02"	"livre"
17	"Numerorum"	400	"1.451"	126	42	"0.02"	"livre"
18	"Primus"	2727	"9.89"	150	110	"0.02"	"livre"
19	"Moralium"	151	"0.548"	122	32	"0.02"	"livre"
20	"quatuor"	5393	"19.56"	176	69	"0.019"	"livre"
21	"incipit"	1805	"6.547"	133	66	"0.019"	"livre"
22	"legis"	5802	"21.043"	165	75	"0.018"	"livre"
23	"Iob"	2983	"10.819"	140	76	"0.018"	"livre"
24	"sanctus"	8553	"31.021"	181	40	"0.017"	"livre"
25	"Iudicum"	362	"1.313"	105	48	"0.017"	"livre"
26	"Gregorius"	2028	"7.355"	118	44	"0.016"	"livre"
27	"Caput"	12364	"44.842"	203	65	"0.016"	"?"
28	"tertio"	2234	"8.102"	119	52	"0.016"	"livre"
29	"Trinitate"	828	"3.003"	106	32	"0.016"	"livre"
30	"scripsit"	1471	"5.335"	110	62	"0.016"	"?"
31	"Sapientie"	2871	"10.413"	122	74	"0.016"	"livre"
32	"quem"	20657	"74.92"	262	139	"0.016"	"livre"
33	"i"	4371	"15.853"	130	53	"0.015"	"livre"
34	"tertius"	851	"3.087"	101	72	"0.015"	"?"
35	"Ciuitate"	3102	"11.251"	112	43	"0.015"	"livre"
36	"ex"	62436	"226.446"	531	178	"0.014"	"livre"
37	"quarto"	1121	"4.066"	96	47	"0.014"	"livre"
38	"beati"	6144	"22.283"	128	69	"0.014"	"?"
39	"uite"	11118	"40.323"	156	98	"0.013"	"?"
40	"Huius"	11730	"42.543"	156	86	"0.013"	"livre"
41	"diuinis"	2152	"7.805"	88	57	"0.012"	"?"
42	"legimus"	2198	"7.972"	88	51	"0.012"	"livre"
43	"Iesu"	6492	"23.546"	113	54	"0.012"	"livre"
44	"Moysi"	1466	"5.317"	82	38	"0.012"	"livre"
45	"capite"	2278	"8.262"	86	40	"0.012"	"livre"
46	"decimo"	893	"3.239"	77	28	"0.012"	"livre"
47	"Euangelii"	2367	"8.585"	85	44	"0.012"	"livre"
48	":"	232010	"841.466"	1404	243	"0.012"	"livre"
49	"sancti"	19414	"70.412"	183	83	"0.012"	"livre"
50	"eiusdem"	6579	"23.861"	108	62	"0.011"	"livre"
51	"capitulo"	935	"3.391"	76	24	"0.011"	
52	"scripta"	2049	"7.431"	82	53	"0.011"	
53	"Euangeliorum"	258	"0.936"	71	38	"0.011"	
54	"seruus"	2666	"9.669"	83	56	"0.011"	
55	"contra"	16153	"58.585"	155	55	"0.011"	
56	"Machabeorum"	128	"0.464"	67	40	"0.011"	
57	"sicut"	40799	"147.972"	278	117	"0.011"	
58	"Predestinatione"	739	"2.68"	68	16	"0.01"	
59	"Quartus"	480	"1.741"	67	49	"0.01"	
60	"Capitula"	1125	4.08.2015	69	22	"0.01"	
61	"unum"	11256	"40.824"	125	38	"0.01"	
62	"Regnorum"	283	"1.026"	64	35	"0.01"	
63	"prophetarum"	1727	"6.264"	70	42	"0.01"	
64	"Historie"	779	"2.825"	65	42	"0.01"	
65	"Ambrosius"	556	"2.017"	63	24	"0.01"	
66	"quinto"	760	"2.756"	63	27	"0.01"	
67	"septimo"	796	"2.887"	63	33	"0.01"	
68	"unus"	6417	"23.274"	108	16	"0.01"	
69	"Bono"	2382	"8.639"	69	18	"0.009"	
70	"inter"	18369	"66.622"	145	70	"0.009"	
71	"duos"	2676	"9.706"	71	45	"0.009"	
72	"quos"	13860	"50.268"	123	82	"0.009"	
73	"."	894868	"3245.554"	4209	449	"0.009"	
74	"hunc"	6501	"23.578"	83	65	"0.009"	
75	"diuinorum"	620	"2.249"	57	39	"0.009"	
76	"Dialogorum"	62	"0.225"	54	33	"0.009"	
77	"Hieronymus"	979	"3.551"	57	36	"0.009"	
78	"quoque"	16521	"59.919"	122	70	"0.009"	
79	"Exodi"	97	"0.352"	53	32	"0.009"	
80	"Testamenti"	1995	"7.236"	61	36	"0.009"	
81	"ita"	28529	"103.471"	170	87	"0.008"	
82	"Numeri"	709	"2.571"	54	19	"0.008"	
83	"Genesis"	119	"0.432"	52	37	"0.008"	
84	"generationis"	273	"0.99"	52	27	"0.008"	
85	"dicitur"	19450	"70.542"	129	64	"0.008"	
86	"Sententiarum"	219	"0.794"	51	22	"0.008"	
87	"psalmorum"	389	"1.411"	51	29	"0.008"	
88	"Dicit"	25130	"91.143"	149	51	"0.008"	
89	"Geneseos"	94	"0.341"	49	38	"0.008"	
90	"Iu"	3446	"12.498"	62	36	"0.008"	
91	"("	30251	"109.716"	167	72	"0.008"	
92	"sanctorum"	10098	"36.624"	88	43	"0.008"	
93	"sexto"	654	"2.372"	50	27	"0.008"	
94	"apostolorum"	5022	"18.214"	66	32	"0.008"	
95	"finem"	4190	"15.197"	63	36	"0.008"	
96	"Ii"	4832	"17.525"	66	39	"0.008"	
97	"Iii"	4170	"15.124"	63	36	"0.008"	
98	"Prefatio"	349	"1.266"	47	27	"0.007"	
99	"Ueteris"	1396	"5.063"	50	31	"0.007"	
100	"Unde"	25621	"92.924"	139	69	"0.007"	
101	"Liber"	2348	"8.516"	55	27	"0.007"	
102	"homo"	11409	"41.379"	85	30	"0.007"	
103	"capitulorum"	245	"0.889"	45	16	"0.007"	
104	"scribit"	1222	"4.432"	48	28	"0.007"	
105	"Historia"	1037	"3.761"	47	33	"0.007"	
106	"operis"	2291	"8.309"	51	33	"0.007"	
107	"prefato"	623	"2.26"	45	18	"0.007"	
108	"fide"	7524	"27.288"	69	31	"0.007"	
109	"perseuerantie"	141	"0.511"	43	8	"0.007"	
110	"fine"	3037	"11.015"	52	37	"0.007"	
111	"appellatur"	1475	"5.35"	49	16	"0.007"	
112	"Gregorii"	967	"3.507"	45	33	"0.007"	
113	"tres"	4679	"16.97"	57	39	"0.007"	
114	"lectio"	693	"2.513"	44	17	"0.007"	
115	"Explicit"	203	"0.736"	42	25	"0.007"	
116	"decimus"	281	"1.019"	43	12	"0.007"	
117	"qui"	164490	"596.581"	587	210	"0.007"	
118	"uerba"	6519	"23.643"	64	45	"0.007"	
119	"Questionum"	131	"0.475"	41	16	"0.007"	
120	"ut"	166832	"605.075"	583	170	"0.007"	
121	"quo"	34150	"123.857"	152	95	"0.007"	
122	"Naue"	245	"0.889"	41	25	"0.007"	
123	"Actuum"	369	"1.338"	41	21	"0.006"	
124	"prologus"	166	"0.602"	40	22	"0.006"	
125	"Correptione"	163	"0.591"	40	8	"0.006"	
126	"Esdre"	68	"0.247"	39	20	"0.006"	
127	"cuius"	15182	"55.063"	87	65	"0.006"	
128	"hoc"	68485	"248.385"	253	118	"0.006"	
129	";"	116352	"421.992"	398	151	"0.006"	
130	"iste"	6251	"22.672"	58	39	"0.006"	
131	"aperire"	415	"1.505"	39	20	"0.006"	
132	"sunt"	72096	"261.482"	259	116	"0.006"	
133	"hic"	18456	"66.937"	92	62	"0.006"	
134	"Isidorus"	214	"0.776"	38	21	"0.006"	
135	","	2210261	"8016.289"	6686	591	"0.006"	
136	"Prosper"	211	"0.765"	38	10	"0.006"	
137	"mortuos"	868	"3.148"	39	24	"0.006"	
138	"Deuteronomii"	125	"0.453"	37	21	"0.006"	
139	"religione"	744	"2.698"	38	21	"0.006"	
140	"et"	725334	"2630.679"	2118	402	"0.006"	
141	"etiam"	39496	"143.246"	148	95	"0.006"	
142	"Est"	273513	"991.991"	810	252	"0.006"	
143	"Quintus"	315	"1.143"	36	24	"0.006"	
144	"narrat"	873	"3.166"	37	20	"0.006"	
145	"quibus"	25792	"93.544"	107	68	"0.006"	
146	"prophete"	2564	"9.299"	41	30	"0.006"	
147	"quod"	133459	"484.036"	397	142	"0.005"	
148	"uigesimo"	183	"0.664"	34	8	"0.005"	
149	"composuit"	406	"1.473"	34	23	"0.005"	
150	"edidit"	364	"1.32"	34	28	"0.005"	
151	"Salomonis"	718	"2.604"	34	22	"0.005"	
152	"Enchiridion"	64	"0.232"	32	18	"0.005"	
153	"quorum"	7967	"28.895"	53	39	"0.005"	
154	"ubi"	18833	"68.305"	81	62	"0.005"	
155	"librum"	1166	"4.229"	47	7	"0.005"	
156	"Secundi"	402	"1.458"	33	29	"0.005"	
157	"continetur"	1029	"3.732"	35	31	"0.005"	
158	"Hinc"	7123	"25.834"	51	29	"0.005"	
159	"uiuentium"	611	"2.216"	33	26	"0.005"	
160	"Isaie"	347	"1.259"	32	22	"0.005"	
161	"uno"	4827	"17.507"	45	22	"0.005"	
162	"plenius"	809	"2.934"	33	20	"0.005"	
163	"septem"	4445	"16.121"	42	24	"0.005"	
164	"U"	3578	"12.977"	40	23	"0.005"	
165	"Incipiunt"	434	"1.574"	31	13	"0.005"	
166	"suis"	18251	"66.194"	73	48	"0.005"	
167	"omnes"	23853	"86.511"	85	62	"0.005"	
168	"Leuitici"	54	"0.196"	29	18	"0.005"	
169	"Ui"	3736	"13.55"	38	21	"0.005"	
170	")"	30262	"109.756"	101	71	"0.005"	
171	"Ait"	17493	"63.445"	68	40	"0.005"	
172	"ipse"	28742	"104.243"	94	56	"0.005"	
173	"legat"	291	"1.055"	29	22	"0.005"	
174	"Primi"	1411	"5.118"	32	23	"0.005"	
175	"memorato"	322	"1.168"	29	10	"0.005"	
176	"doctor"	1222	"4.432"	31	19	"0.005"	
177	"Patrum"	3751	"13.604"	37	27	"0.005"	
178	"diuine"	3890	"14.109"	37	28	"0.005"	
179	"primum"	6073	"22.026"	42	31	"0.005"	
180	"epistolarum"	192	"0.696"	28	17	"0.005"	
181	"Sacramentorum"	361	"1.309"	28	20	"0.004"	
182	"legere"	496	"1.799"	28	25	"0.004"	
183	"si"	77083	"279.569"	196	98	"0.004"	
184	"uiginti"	2038	"7.392"	32	18	"0.004"	
185	"ad"	177121	"642.392"	422	181	"0.004"	
186	"tuo"	4801	"17.413"	38	29	"0.004"	
187	"enim"	66589	"241.508"	174	97	"0.004"	
188	"Christiana"	515	"1.868"	28	23	"0.004"	
189	"demonstrat"	1149	"4.167"	30	23	"0.004"	
190	"Retractationum"	31	"0.112"	27	13	"0.004"	
191	"octauo"	691	"2.506"	29	21	"0.004"	
192	"?"	41969	"152.215"	116	60	"0.004"	
193	"testatur"	1634	"5.926"	30	25	"0.004"	
194	"Danielis"	148	"0.537"	27	21	"0.004"	
195	"sancta"	6735	"24.427"	41	29	"0.004"	
196	"Esther"	150	"0.544"	27	19	"0.004"	
197	"prophetie"	571	"2.071"	28	16	"0.004"	
198	"Sextus"	258	"0.936"	27	21	"0.004"	
199	"siue"	16962	"61.519"	68	43	"0.004"	
200	"eius"	58490	"212.135"	152	96	"0.004"	
201	"secundum"	20850	"75.62"	72	54	"0.004"	
202	"Tertii"	190	"0.689"	27	17	"0.004"	
203	"sit"	27786	"100.776"	84	63	"0.004"	
204	"plures"	1802	"6.536"	30	15	"0.004"	
205	"duo"	5406	"19.607"	37	24	"0.004"	
206	"Hec"	30798	"111.7"	91	68	"0.004"	
207	"Antiquitatum"	39	"0.141"	26	19	"0.004"	
208	"doctrina"	2780	"10.083"	32	25	"0.004"	
209	"istius"	1309	"4.748"	29	20	"0.004"	
210	"Hypomnesticon"	34	"0.123"	26	2	"0.004"	
211	"Dierum"	1410	"5.114"	28	14	"0.004"	
212	"aduersus"	3779	"13.706"	33	25	"0.004"	
213	"nam"	23565	"85.467"	73	45	"0.004"	
214	"Beda"	1157	"4.196"	28	9	"0.004"	
215	"dele"	95	"0.345"	25	20	"0.004"	
216	"cum"	118100	"428.331"	261	149	"0.004"	
217	"ipsius"	9218	"33.432"	43	41	"0.004"	
218	"-que"	76595	"277.799"	179	109	"0.004"	
219	"ecclesiastice"	674	"2.445"	26	17	"0.004"	
220	"meminit"	495	"1.795"	26	19	"0.004"	
221	"Ecclesiastico"	562	"2.038"	26	11	"0.004"	
222	"Que"	105304	"381.922"	235	137	"0.004"	
223	"Historiarum"	71	"0.258"	25	16	"0.004"	
224	"sequitur"	6547	"23.745"	38	21	"0.004"	
225	"leguntur"	624	"2.263"	26	25	"0.004"	
226	"Samuelis"	171	"0.62"	25	17	"0.004"	
227	"Noui"	1776	"6.441"	28	23	"0.004"	
228	"Baptismo"	839	"3.043"	26	17	"0.004"	
229	"Iosue"	459	"1.665"	25	14	"0.004"	
230	"nomina"	1928	"6.993"	28	27	"0.004"	
231	"septimus"	340	"1.233"	27	19	"0.004"	
232	"suo"	14496	"52.575"	53	36	"0.004"	
233	"sermone"	2172	"7.878"	28	21	"0.004"	
234	"ab"	47676	"172.914"	117	84	"0.004"	
235	"Tobie"	76	"0.276"	24	16	"0.004"	
236	"a"	90890	"329.645"	199	128	"0.004"	
237	"historiam"	817	"2.963"	26	14	"0.004"	
238	"Ecclesiastici"	369	"1.338"	24	19	"0.004"	
239	"Uii"	2452	"8.893"	28	15	"0.004"	
240	"gentilium"	699	"2.535"	25	20	"0.004"	
241	"iam"	20595	"74.695"	63	47	"0.004"	
242	"nomen"	8419	"30.535"	39	31	"0.004"	
243	"continet"	838	"3.039"	25	19	"0.004"	
244	"dicens"	10689	"38.767"	44	31	"0.004"	
245	"habetur"	1516	"5.498"	26	21	"0.004"	
246	"Ansegisi"	59	"0.214"	23	3	"0.004"	
247	"His"	21236	"77.02"	62	46	"0.004"	
248	"X"	2211	"8.019"	27	16	"0.004"	
249	"miraculorum"	558	"2.024"	24	15	"0.004"	
250	"Ruth"	133	"0.482"	23	17	"0.004"	
251	"suarum"	1151	"4.175"	24	15	"0.004"	
252	"multa"	5868	"21.282"	33	26	"0.004"	
253	"apud"	14014	"50.827"	48	32	"0.004"	
254	"neque"	16128	"58.494"	54	38	"0.004"	
255	"Ecclesiasticus"	269	"0.976"	23	17	"0.004"	
256	"Spiritu"	7382	"26.773"	36	14	"0.004"	
257	"autem"	64914	"235.434"	140	78	"0.004"	
258	"nono"	361	"1.309"	23	13	"0.004"	
259	"Penitentia"	1620	"5.876"	25	13	"0.004"	
260	"esse"	42728	"154.968"	100	77	"0.004"	
261	"episcopus"	9920	"35.978"	40	24	"0.004"	
262	"uera"	3401	"12.335"	28	16	"0.004"	
263	"hos"	2454	8.09.2015	27	21	"0.004"	
264	"uel"	61906	"224.524"	137	76	"0.004"	
265	"Narratur"	330	"1.197"	22	11	"0.004"	
266	"scribitur"	711	"2.579"	23	15	"0.004"	
267	"uolumine"	340	"1.233"	23	11	"0.004"	
268	"Locorum"	678	"2.459"	23	15	"0.004"	
269	"Fulgentius"	87	"0.316"	22	14	"0.004"	
270	"sub"	14326	"51.958"	47	32	"0.004"	
271	"uolumina"	261	"0.947"	22	19	"0.004"	
272	"refert"	758	"2.749"	23	20	"0.004"	
273	"Iudith"	279	"1.012"	22	17	"0.004"	
274	"quia"	98686	"357.92"	188	89	"0.003"	
275	"continentur"	631	"2.289"	22	17	"0.003"	
276	"uero"	35931	"130.316"	81	64	"0.003"	
277	"super"	23580	"85.521"	62	42	"0.003"	
278	"Scripture"	1617	"5.865"	24	15	"0.003"	
279	"principio"	1587	"5.756"	24	18	"0.003"	
280	"Confessionum"	40	"0.145"	21	14	"0.003"	
281	"inscribitur"	123	"0.446"	21	17	"0.003"	
282	"iuxta"	12151	"44.07"	42	28	"0.003"	
283	"soluere"	611	"2.216"	22	16	"0.003"	
284	"Dei"	58503	"212.182"	122	63	"0.003"	
285	"eumdem"	2795	"10.137"	26	15	"0.003"	
286	"eorum"	25018	"90.737"	63	45	"0.003"	
287	"sacrorum"	444	"1.61"	23	18	"0.003"	
288	"eisdem"	1677	"6.082"	23	16	"0.003"	
289	"commemorat"	536	"1.944"	21	16	"0.003"	
290	"Quis"	16434	"59.604"	48	35	"0.003"	
291	"tantum"	10340	"37.502"	37	25	"0.003"	
292	"S"	7161	"25.972"	32	28	"0.003"	
293	"sermonum"	300	"1.088"	21	5	"0.003"	
294	"Similiter"	5768	"20.92"	30	25	"0.003"	
295	"uita"	9843	"35.699"	37	32	"0.003"	
296	"duodecim"	2409	"8.737"	25	19	"0.003"	
297	"libro"	4565	"16.557"	28	12	"0.003"	
298	"Sed"	101571	"368.383"	184	119	"0.003"	
299	"Uerbis"	5501	"19.951"	29	25	"0.003"	
300	"partem"	3447	"12.502"	25	20	"0.003"	
301	"tribus"	3877	"14.061"	26	22	"0.003"	
302	"suos"	6301	"22.853"	30	26	"0.003"	
303	"diuinos"	132	"0.479"	20	11	"0.003"	
304	"inuenitur"	1459	"5.292"	22	19	"0.003"	
305	"atque"	32045	"116.223"	70	47	"0.003"	
306	"aliis"	7744	"28.086"	31	26	"0.003"	
307	"nominibus"	704	"2.553"	20	11	"0.003"	
308	"quam"	46206	"167.582"	91	70	"0.003"	
309	"ostendit"	5482	"19.882"	28	23	"0.003"	
310	"cetera"	4000	"14.507"	25	19	"0.003"	
311	"quippe"	7694	"27.905"	31	21	"0.003"	
312	"sic"	22224	"80.603"	53	45	"0.003"	
313	"Uiii"	2494	"9.045"	23	15	"0.003"	
314	"satis"	3060	"11.098"	23	18	"0.003"	
315	"exordio"	449	"1.629"	19	14	"0.003"	
316	"scripti"	117	"0.424"	19	17	"0.003"	
317	"Ieremie"	287	"1.041"	19	10	"0.003"	
318	"ac"	31966	"115.936"	66	53	"0.003"	
319	"Athanasius"	168	"0.609"	19	5	"0.003"	
320	"Christi"	23773	"86.221"	55	35	"0.003"	
321	"Benedicti"	1470	"5.332"	21	6	"0.003"	
322	"ergo"	29670	"107.609"	64	45	"0.003"	
323	"gratis"	947	"3.435"	20	6	"0.003"	
324	"igitur"	11511	"41.749"	36	27	"0.003"	
325	"eo"	25904	"93.95"	57	46	"0.003"	
326	"supra"	6866	"24.902"	29	21	"0.003"	
327	"numero"	3046	"11.047"	22	16	"0.003"	
328	"ueteribus"	192	"0.696"	18	15	"0.003"	
329	"Per"	98723	"358.054"	163	106	"0.003"	
330	"Quomodo"	10295	"37.338"	33	25	"0.003"	
331	"aduersum"	1417	"5.139"	20	5	"0.003"	
332	"aperti"	144	"0.522"	18	11	"0.003"	
333	"isto"	1476	"5.353"	20	15	"0.003"	
334	"Deleantur"	68	"0.247"	18	14	"0.003"	
335	"accepit"	2807	"10.181"	23	14	"0.003"	
336	"sacre"	1333	"4.835"	20	16	"0.003"	
337	"ipsum"	11054	"40.091"	34	26	"0.003"	
338	"itaque"	8518	"30.894"	29	23	"0.003"	
339	"alius"	2767	"10.036"	21	13	"0.003"	
340	"quidam"	6209	"22.519"	26	24	"0.003"	
341	"priori"	479	"1.737"	18	8	"0.003"	
342	"libri"	1369	"4.965"	19	8	"0.003"	
343	"expositione"	433	"1.57"	18	16	"0.003"	
344	"post"	25587	"92.8"	53	40	"0.003"	
345	"pauca"	1321	"4.791"	19	14	"0.003"	
346	"testimonia"	988	"3.583"	19	13	"0.003"	
347	"lege"	4918	"17.837"	24	17	"0.003"	
348	"auctor"	1238	"4.49"	19	17	"0.003"	
349	"habent"	4249	"15.411"	23	19	"0.003"	
350	"hac"	9255	"33.567"	30	24	"0.003"	
351	"papa"	2730	"9.901"	21	18	"0.003"	
352	"Canonum"	1176	"4.265"	19	15	"0.003"	
353	"tam"	10045	"36.432"	32	26	"0.003"	
354	"Dauid"	6606	"23.959"	26	16	"0.003"	
355	"duobus"	3025	"10.971"	21	17	"0.003"	
356	"nec"	41042	"148.853"	72	54	"0.003"	
357	"uidelicet"	10383	"37.658"	31	22	"0.003"	
358	"Mosaice"	62	"0.225"	17	10	"0.003"	
359	"Capitularium"	57	"0.207"	17	5	"0.003"	
360	"octo"	1632	"5.919"	19	15	"0.003"	
361	"illud"	13210	"47.911"	35	27	"0.003"	
362	"non"	212441	"770.492"	301	157	"0.003"	
363	"Gestorum"	275	"0.997"	17	13	"0.003"	
364	"Octauus"	223	"0.809"	17	12	"0.003"	
365	"ille"	15694	"56.92"	38	32	"0.003"	
366	"illius"	10243	"37.15"	31	19	"0.003"	
367	"usque"	24146	"87.574"	49	39	"0.003"	
368	"Seu"	6014	"21.812"	26	23	"0.003"	
369	"Quarti"	135	"0.49"	16	12	"0.003"	
370	"signatum"	144	"0.522"	16	11	"0.003"	
371	"Sirach"	59	"0.214"	16	13	"0.003"	
372	"superioribus"	753	"2.731"	17	10	"0.003"	
373	"Corpore"	5382	"19.52"	24	14	"0.003"	
374	"quibusdam"	2976	"10.794"	20	18	"0.003"	
375	"illo"	8616	"31.249"	27	24	"0.003"	
376	"initio"	1655	"6.002"	18	15	"0.003"	
377	"sanctis"	4324	"15.683"	22	15	"0.003"	
378	"manibus"	3106	"11.265"	20	15	"0.003"	
379	"tamen"	22532	"81.72"	46	35	"0.003"	
380	"diuini"	1542	"5.593"	18	15	"0.003"	
381	"Hi"	4590	"16.647"	22	13	"0.003"	
382	"Caroli"	1468	"5.324"	18	9	"0.003"	
383	"trigesimo"	116	"0.421"	16	5	"0.003"	
384	"maxime"	3869	"14.032"	21	20	"0.003"	
385	"moralibus"	74	"0.268"	16	9	"0.003"	
386	"Uerborum"	1250	"4.534"	18	9	"0.003"	
387	"Etymologiarum"	19	"0.069"	16	13	"0.003"	
388	"Scriptura"	3694	"13.398"	21	15	"0.003"	
389	"Ioannis"	2206	"8.001"	19	15	"0.003"	
390	"titulus"	542	"1.966"	16	14	"0.003"	
391	"omnibus"	22258	"80.727"	44	33	"0.003"	
392	"Pauli"	1822	"6.608"	18	14	"0.003"	
393	"Domini"	26925	"97.653"	50	39	"0.003"	
394	"manifestat"	652	"2.365"	16	6	"0.003"	
395	"breuiter"	1128	"4.091"	17	14	"0.003"	
396	"natura"	4347	"15.766"	21	10	"0.003"	
397	"Nomine"	11537	"41.843"	30	26	"0.003"	
398	"id"	56272	"204.09"	86	50	"0.003"	
399	"ueterum"	343	"1.244"	16	14	"0.003"	
400	"sui"	12941	"46.935"	32	26	"0.003"	
401	"suorum"	3962	"14.37"	20	11	"0.003"	
402	"aut"	34719	"125.921"	61	36	"0.003"	
403	"Cyprianus"	184	"0.667"	15	10	"0.002"	
404	"quicumque"	347	"1.259"	15	5	"0.002"	
405	"apocryphus"	18	"0.065"	15	1	"0.002"	
406	"Fecit"	8877	"32.196"	26	22	"0.002"	
407	"Officiorum"	145	"0.526"	15	10	"0.002"	
408	"Nuptiis"	369	"1.338"	15	4	"0.002"	
409	"Hebreorum"	379	"1.375"	15	12	"0.002"	
410	"Xi"	1524	"5.527"	17	14	"0.002"	
411	"Iulianum"	127	"0.461"	15	4	"0.002"	
412	"tertium"	900	"3.264"	16	13	"0.002"	
413	"dixit"	12295	"44.592"	29	17	"0.002"	
414	"quid"	25030	"90.78"	45	35	"0.002"	
415	"solum"	10659	"38.659"	28	26	"0.002"	
416	"omnia"	23642	"85.746"	43	35	"0.002"	
417	"Huic"	3506	"12.716"	19	18	"0.002"	
418	"superiori"	366	"1.327"	15	8	"0.002"	
419	"istum"	856	"3.105"	16	12	"0.002"	
420	"iustitie"	3646	"13.224"	19	15	"0.002"	
421	"Isidori"	181	"0.657"	15	12	"0.002"	
422	"loco"	10297	"37.346"	27	20	"0.002"	
423	"multi"	3434	"12.455"	19	15	"0.002"	
424	"Fidei"	9336	"33.86"	26	19	"0.002"	
425	"commentariorum"	25	"0.091"	15	10	"0.002"	
426	"episcopi"	7018	"25.453"	22	15	"0.002"	
427	"sum"	8214	"29.791"	26	15	"0.002"	
428	"alios"	3821	"13.858"	19	16	"0.002"	
429	"sancto"	6677	"24.217"	22	12	"0.002"	
430	"canticorum"	417	"1.512"	15	11	"0.002"	
431	"habentur"	581	"2.107"	15	12	"0.002"	
432	"Denique"	3179	"11.53"	18	17	"0.002"	
433	"Boetius"	54	"0.196"	14	8	"0.002"	
434	"populus"	4983	"18.073"	20	16	"0.002"	
435	"scripsisti"	84	"0.305"	14	11	"0.002"	
436	"sedentis"	72	"0.261"	14	8	"0.002"	
437	"Propheta"	5273	"19.124"	20	16	"0.002"	
438	"ordinem"	2503	"9.078"	17	16	"0.002"	
439	"Cui"	11424	"41.433"	27	25	"0.002"	
440	"temporibus"	3574	"12.962"	18	12	"0.002"	
441	"quidem"	13370	"48.491"	30	27	"0.002"	
442	"Hebreos"	582	"2.111"	15	10	"0.002"	
443	"scriptus"	158	"0.573"	14	12	"0.002"	
444	"nullus"	6102	"22.131"	22	19	"0.002"	
445	"Amen"	3393	"12.306"	17	17	"0.002"	
446	"Augustinum"	257	"0.932"	14	9	"0.002"	
447	"me"	30698	"111.337"	47	37	"0.002"	
448	"omnium"	11251	"40.806"	26	24	"0.002"	
449	"conscripsit"	176	"0.638"	14	12	"0.002"	
450	"nonus"	122	"0.443"	14	9	"0.002"	
451	"fuit"	11793	"42.772"	27	22	"0.002"	
452	"Iustorum"	1099	"3.986"	15	7	"0.002"	
453	"Apocalypsis"	96	"0.348"	14	12	"0.002"	
454	"finis"	1547	"5.611"	15	12	"0.002"	
455	"Ezechielis"	146	"0.53"	14	12	"0.002"	
456	"canonici"	257	"0.932"	14	8	"0.002"	
457	"reperitur"	433	"1.57"	14	14	"0.002"	
458	"testimonium"	3199	"11.602"	17	16	"0.002"	
459	"pro"	43478	"157.688"	62	45	"0.002"	
460	"quando"	13356	"48.44"	28	22	"0.002"	
461	"auctorum"	103	"0.374"	14	13	"0.002"	
462	"Quoniam"	16008	"58.059"	31	24	"0.002"	
463	"solus"	3183	"11.544"	17	16	"0.002"	
464	"prioribus"	535	"1.94"	14	8	"0.002"	
465	"mentionem"	439	"1.592"	14	11	"0.002"	
466	"decem"	3195	"11.588"	17	17	"0.002"	
467	"mortis"	3752	"13.608"	18	14	"0.002"	
468	"sequentis"	244	"0.885"	14	11	"0.002"	
469	"Xii"	2009	"7.286"	16	14	"0.002"	
470	"philosophorum"	272	"0.987"	14	12	"0.002"	
471	"Pastorali"	209	"0.758"	13	6	"0.002"	
472	"tractatus"	152	"0.551"	13	13	"0.002"	
473	"Hieronymi"	283	"1.026"	13	11	"0.002"	
474	"Pater"	11157	"40.465"	25	17	"0.002"	
475	"suum"	13040	"47.294"	27	20	"0.002"	
476	"docet"	1922	"6.971"	15	13	"0.002"	
477	"locis"	2984	"10.823"	16	16	"0.002"	
478	"Hilarius"	203	"0.736"	13	6	"0.002"	
479	"illum"	8925	"32.37"	22	19	"0.002"	
480	"mentio"	261	"0.947"	13	12	"0.002"	
481	"Habemus"	2155	"7.816"	15	11	"0.002"	
482	"inuentus"	794	"2.88"	14	13	"0.002"	
483	"Moysis"	88	"0.319"	13	8	"0.002"	
484	"Hilarii"	152	"0.551"	13	9	"0.002"	
485	"unius"	3099	"11.24"	16	13	"0.002"	
486	"ierarchia"	144	"0.522"	13	5	"0.002"	
487	"diuersis"	2046	"7.421"	15	15	"0.002"	
488	"eadem"	7673	"27.829"	22	19	"0.002"	
489	"scribentur"	37	"0.134"	13	11	"0.002"	
490	"Scripturarum"	1950	"7.072"	15	14	"0.002"	
491	"Prosperi"	145	"0.526"	13	7	"0.002"	
492	"scripsisse"	221	"0.802"	13	12	"0.002"	
493	"signacula"	70	"0.254"	13	12	"0.002"	
494	"quasi"	19683	"71.387"	34	26	"0.002"	
495	"scilicet"	11574	"41.977"	25	21	"0.002"	
496	"inuenimus"	703	"2.55"	14	11	"0.002"	
497	"Legi"	969	"3.514"	14	14	"0.002"	
498	"manifeste"	1127	"4.088"	14	13	"0.002"	
499	"gestis"	710	"2.575"	14	12	"0.002"	
500	"legit"	598	"2.169"	13	8	"0.002"	
501	"quas"	6197	"22.476"	19	19	"0.002"	
502	"quodam"	1912	"6.935"	14	14	"0.002"	
503	"nunc"	13926	"50.508"	27	22	"0.002"	
504	"cuiusdam"	776	"2.814"	13	11	"0.002"	
505	"Ecclesie"	21098	"76.519"	33	26	"0.002"	
506	"epistole"	953	"3.456"	13	12	"0.002"	
507	"cur"	3768	"13.666"	16	14	"0.002"	
508	"Ioannes"	4564	"16.553"	17	11	"0.002"	
509	"Dionysii"	451	"1.636"	13	7	"0.002"	
510	"gratia"	10609	"38.477"	23	13	"0.002"	
511	"potest"	13503	"48.973"	26	25	"0.002"	
512	"inueniuntur"	632	"2.292"	13	12	"0.002"	
513	"diuina"	6586	"23.886"	19	16	"0.002"	
514	"libero"	528	"1.915"	13	7	"0.002"	
515	"propter"	17688	"64.152"	30	23	"0.002"	
516	"loquitur"	3834	"13.905"	16	15	"0.002"	
517	"populum"	4591	"16.651"	17	13	"0.002"	
518	"ecclesiastica"	954	"3.46"	13	9	"0.002"	
519	"se"	52290	"189.648"	64	47	"0.002"	
520	"inde"	7880	"28.58"	20	18	"0.002"	
521	"nobis"	28243	"102.433"	40	31	"0.002"	
522	"diligenter"	1675	"6.075"	14	14	"0.002"	
523	"anime"	4966	"18.011"	17	13	"0.002"	
524	"uidetur"	5463	"19.814"	18	14	"0.002"	
525	"Prouerbiorum"	33	"0.12"	12	10	"0.002"	
526	"Moyses"	2350	"8.523"	14	12	"0.002"	
527	"antiquis"	552	"2.002"	12	11	"0.002"	
528	"initium"	1521	"5.516"	13	13	"0.002"	
529	"postea"	4899	"17.768"	16	14	"0.002"	
530	"mihi"	14184	"51.443"	25	18	"0.002"	
531	"copia"	437	"1.585"	12	9	"0.002"	
532	"Actus"	1059	"3.841"	13	10	"0.002"	
533	"aperuit"	655	"2.376"	13	9	"0.002"	
534	"Salomon"	1443	"5.234"	13	11	"0.002"	
535	"centum"	1544	5.06.2015	13	11	"0.002"	
536	"titulo"	510	"1.85"	12	9	"0.002"	
537	"Iosephus"	344	"1.248"	12	11	"0.002"	
538	"iterum"	6856	"24.866"	18	16	"0.002"	
539	"Synodis"	155	"0.562"	12	7	"0.002"	
540	"Priore"	282	"1.023"	12	7	"0.002"	
541	"multis"	4879	"17.695"	16	16	"0.002"	
542	"parte"	5608	"20.339"	17	15	"0.002"	
543	"pastoralis"	169	"0.613"	12	8	"0.002"	
544	"Iosephi"	64	"0.232"	12	6	"0.002"	
545	"ecclesiasticis"	1073	"3.892"	13	11	"0.002"	
546	"exordium"	384	"1.393"	12	12	"0.002"	
547	"Ambrosii"	235	"0.852"	12	9	"0.002"	
548	"monachus"	986	"3.576"	13	7	"0.002"	
549	"Scriptoribus"	104	"0.377"	12	9	"0.002"	
550	"inuolutus"	63	"0.229"	12	6	"0.002"	
551	"ea"	16639	"60.347"	27	25	"0.002"	
552	"Dionysius"	272	"0.987"	12	5	"0.002"	
553	"sigillis"	43	"0.156"	11	8	"0.002"	
554	"opus"	5429	"19.69"	16	16	"0.002"	
555	"Chronicorum"	34	"0.123"	11	9	"0.002"	
556	"superius"	3276	"11.882"	14	12	"0.002"	
557	"alia"	7470	"27.093"	18	17	"0.002"	
558	"uicesimo"	183	"0.664"	11	9	"0.002"	
559	"doctorum"	804	"2.916"	12	8	"0.002"	
560	"scribere"	678	"2.459"	12	11	"0.002"	
561	"posuit"	2195	"7.961"	13	12	"0.002"	
562	"totum"	4540	"16.466"	15	14	"0.002"	
563	"habet"	9718	"35.246"	20	18	"0.002"	
564	"Hermes"	47	"0.171"	11	9	"0.002"	
565	"illi"	14775	"53.587"	24	21	"0.002"	
566	"Xui"	1018	"3.692"	12	8	"0.002"	
567	"undecimo"	197	"0.715"	11	6	"0.002"	
568	"tum"	2227	"8.077"	13	10	"0.002"	
569	"scriptas"	84	"0.305"	11	10	"0.002"	
570	"duodecimo"	181	"0.657"	11	7	"0.002"	
571	"Bede"	155	"0.562"	11	11	"0.002"	
572	"presentis"	1780	"6.456"	13	8	"0.002"	
573	"Epistolas"	623	"2.26"	12	7	"0.002"	
574	"an"	4310	"15.632"	18	12	"0.002"	
575	"nemo"	5801	"21.039"	16	12	"0.002"	
576	"bene"	8253	"29.932"	19	15	"0.002"	
577	"expositionis"	74	"0.268"	11	9	"0.002"	
578	"celesti"	1316	"4.773"	12	6	"0.002"	
579	"ei"	16962	"61.519"	27	24	"0.002"	
580	"ante"	15065	"54.639"	25	19	"0.002"	
581	"pre"	2146	"7.783"	13	7	"0.002"	
582	"Leuiticus"	38	"0.138"	11	11	"0.002"	
583	"omni"	11640	"42.217"	21	20	"0.002"	
584	"Uicesimus"	78	"0.283"	11	2	"0.002"	
585	"coniugali"	106	"0.384"	11	2	"0.002"	
586	"illustribus"	80	"0.29"	11	11	"0.002"	
587	"propheticis"	137	"0.497"	11	8	"0.002"	
588	"septuaginta"	1934	"7.014"	13	8	"0.002"	
589	"spiritus"	16254	"58.951"	26	12	"0.002"	
590	"pene"	2923	"10.601"	14	13	"0.002"	
591	"erit"	9146	"33.171"	18	17	"0.002"	
592	"anno"	9054	"32.838"	18	16	"0.002"	
593	"illis"	11108	"40.287"	20	19	"0.002"	
594	"argenti"	569	"2.064"	11	8	"0.002"	
595	"sententias"	551	"1.998"	11	11	"0.002"	
596	"tempore"	12833	"46.543"	21	21	"0.002"	
597	"intus"	1906	"6.913"	12	8	"0.002"	
598	"sancte"	11187	"40.574"	20	18	"0.002"	
599	"Patris"	8628	"31.293"	18	14	"0.002"	
600	"precedentibus"	394	"1.429"	11	8	"0.002"	
601	"catholicorum"	471	"1.708"	11	10	"0.002"	
602	"Quantitate"	242	"0.878"	11	7	"0.002"	
603	"pape"	2755	"9.992"	13	10	"0.002"	
604	"essem"	396	"1.436"	11	9	"0.002"	
605	"nostri"	10602	"38.452"	20	17	"0.002"	
606	"testantur"	400	"1.451"	11	10	"0.002"	
607	"refertur"	634	"2.299"	11	10	"0.002"	
608	"exponens"	337	"1.222"	11	8	"0.002"	
609	"scribe"	554	"2.009"	11	7	"0.002"	
610	"ne"	26706	"96.859"	33	28	"0.002"	
611	"Uiris"	1423	"5.161"	12	12	"0.002"	
612	"quosdam"	1554	"5.636"	13	12	"0.002"	
613	"capita"	707	"2.564"	11	4	"0.002"	
614	"omnis"	10007	"36.294"	19	19	"0.002"	
615	"partim"	888	"3.221"	14	11	"0.002"	
616	"eorumdem"	480	"1.741"	11	10	"0.002"	
617	"erat"	17808	"64.587"	26	21	"0.002"	
618	"potes"	645	"2.339"	11	10	"0.002"	
619	"diximus"	3081	"11.174"	13	12	"0.002"	
620	"Grecorum"	592	"2.147"	11	11	"0.002"	
621	"alio"	3362	"12.194"	13	11	"0.002"	
622	"ipsi"	9879	"35.83"	19	18	"0.002"	
623	"presenti"	2919	"10.587"	13	11	"0.002"	
624	"rerum"	4903	"17.783"	15	12	"0.002"	
625	"aperte"	1811	"6.568"	12	9	"0.002"	
626	"nominum"	326	"1.182"	11	8	"0.002"	
627	"predestinationis"	356	"1.291"	11	8	"0.002"	
628	"habere"	8274	"30.009"	18	16	"0.002"	
629	"ostenditur"	1397	"5.067"	12	10	"0.002"	
630	"uocatus"	847	"3.072"	11	8	"0.002"	
631	"copiam"	261	"0.947"	11	11	"0.002"	
632	"Dominus"	28645	"103.891"	35	24	"0.002"	
633	"aliquot"	502	"1.821"	10	8	"0.002"	
634	"Faustum"	54	"0.196"	10	7	"0.002"	
635	"capitulis"	473	"1.716"	11	8	"0.002"	
636	"ibi"	10625	"38.535"	18	17	"0.002"	
637	"uolumen"	221	"0.802"	10	7	"0.002"	
638	"descripta"	160	"0.58"	10	10	"0.002"	
639	"uenerabilis"	1716	"6.224"	11	10	"0.002"	
640	"lectione"	529	"1.919"	10	9	"0.002"	
641	"certe"	2932	"10.634"	12	10	"0.002"	
642	"Deus"	32414	"117.561"	35	27	"0.002"	
643	"eum"	31346	"113.687"	34	29	"0.002"	
644	"Genesim"	35	"0.127"	10	9	"0.002"	
645	"qua"	20532	"74.467"	26	22	"0.002"	
646	"totidem"	347	"1.259"	10	9	"0.002"	
647	"e"	4178	"15.153"	13	13	"0.002"	
648	"quot"	1015	"3.681"	11	11	"0.002"	
649	"fieri"	7663	"27.793"	16	15	"0.002"	
650	"nouem"	996	"3.612"	11	9	"0.002"	
651	"hereses"	316	"1.146"	10	4	"0.002"	
652	"uocatur"	2641	"9.579"	12	11	"0.002"	
653	"prima"	3524	"12.781"	13	10	"0.002"	
654	"authenticis"	57	"0.207"	10	9	"0.002"	
655	"sue"	13329	"48.342"	20	17	"0.002"	
656	"Xxii"	483	"1.752"	10	9	"0.002"	
657	"disputationis"	148	"0.537"	10	6	"0.002"	
658	"Genesi"	529	"1.919"	10	5	"0.002"	
659	"precedenti"	169	"0.613"	10	7	"0.002"	
660	"Monimum"	18	"0.065"	10	5	"0.002"	
661	"regibus"	1113	"4.037"	11	7	"0.002"	
662	"appendices"	27	"0.098"	10	1	"0.002"	
663	"fuisse"	5097	"18.486"	14	11	"0.002"	
664	"Xu"	1323	"4.798"	11	8	"0.002"	
665	"noster"	5472	"19.846"	14	11	"0.002"	
666	"gratie"	2938	"10.656"	12	2	"0.002"	
667	"Homiliarum"	20	"0.073"	10	7	"0.002"	
668	"Daniel"	382	"1.386"	10	10	"0.002"	
669	"prefatione"	166	"0.602"	10	10	"0.002"	
670	"Mattheum"	279	"1.012"	10	9	"0.002"	
671	"quadraginta"	1702	"6.173"	11	9	"0.002"	
672	"adulterinis"	21	"0.076"	10	5	"0.002"	
673	"frequenter"	1253	"4.544"	11	10	"0.002"	
674	"preter"	2710	"9.829"	12	12	"0.002"	
675	"quamuis"	4631	"16.796"	14	11	"0.002"	
676	"editis"	97	"0.352"	10	9	"0.002"	
677	"apertum"	296	"1.074"	10	7	"0.002"	
678	"filii"	10957	"39.739"	19	15	"0.002"	
679	"sibi"	21952	"79.617"	27	24	"0.002"	
680	"illa"	12472	"45.234"	20	19	"0.002"	
681	"licet"	7008	"25.417"	15	15	"0.002"	
682	"eosdem"	752	"2.727"	10	7	"0.002"	
683	"Apocalypsi"	668	"2.423"	10	9	"0.002"	
684	"tibi"	13832	"50.167"	19	16	"0.002"	
685	"dixi"	1995	"7.236"	11	9	"0.002"	
686	"nisi"	22042	"79.943"	26	24	"0.002"	
687	"Testamentum"	1304	"4.729"	10	9	"0.002"	
688	"sepius"	1208	"4.381"	10	9	"0.002"	
689	"prophetici"	34	"0.123"	9	9	"0.002"	
690	"Coniugiis"	55	"0.2"	9	5	"0.002"	
691	"Sequentibus"	918	"3.329"	10	8	"0.002"	
692	"Computo"	41	"0.149"	10	4	"0.002"	
693	"uolum"	37	"0.134"	9	1	"0.002"	
694	"dono"	966	"3.504"	10	5	"0.002"	
695	"Quare"	3911	"14.185"	12	10	"0.002"	
696	"alium"	1980	"7.181"	11	7	"0.002"	
697	"fecisse"	1190	"4.316"	10	10	"0.002"	
698	"euidenter"	650	"2.358"	10	9	"0.002"	
699	"beatum"	1320	"4.787"	10	8	"0.002"	
700	"Sacramentis"	614	"2.227"	10	5	"0.002"	
701	"fuerat"	4559	"16.535"	13	13	"0.002"	
702	"singulis"	2282	"8.277"	11	9	"0.002"	
703	"Ioannem"	1314	"4.766"	10	8	"0.002"	
704	"trium"	862	"3.126"	10	9	"0.002"	
705	"domino"	17924	"65.008"	22	18	"0.002"	
706	"Ecce"	7576	"27.477"	15	12	"0.002"	
707	"libros"	1044	"3.786"	10	7	"0.002"	
708	"Actorum"	37	"0.134"	9	3	"0.002"	
709	"Boetii"	28	"0.102"	9	6	"0.002"	
710	"Re"	3396	"12.317"	12	11	"0.002"	
711	"sententiam"	2675	"9.702"	11	5	"0.002"	
712	"Iouinianum"	20	"0.073"	9	7	"0.002"	
713	"duorum"	794	"2.88"	10	10	"0.002"	
714	"imperatoris"	2097	"7.606"	11	6	"0.002"	
715	"Institutionum"	42	"0.152"	9	6	"0.002"	
716	"Agni"	598	"2.169"	10	7	"0.002"	
717	"fuerit"	11192	"40.592"	18	15	"0.002"	
718	"Paschasii"	43	"0.156"	9	2	"0.002"	
719	"predicto"	664	"2.408"	10	8	"0.002"	
720	"egreditur"	297	"1.077"	9	4	"0.001"	
721	"Miraculis"	856	"3.105"	9	6	"0.001"	
722	"nos"	28959	"105.03"	29	23	"0.001"	
723	"te"	23799	"86.315"	26	24	"0.001"	
724	"Porro"	2399	"8.701"	10	9	"0.001"	
725	"illorum"	4561	"16.542"	12	8	"0.001"	
726	"codice"	545	"1.977"	9	8	"0.001"	
727	"horum"	2342	"8.494"	10	10	"0.001"	
728	"Israel"	8396	"30.451"	15	13	"0.001"	
729	"diuersorum"	325	"1.179"	9	8	"0.001"	
730	"locum"	6277	"22.766"	13	9	"0.001"	
731	"exponit"	688	"2.495"	9	9	"0.001"	
732	"scriptores"	204	"0.74"	9	7	"0.001"	
733	"Bellorum"	189	"0.686"	9	8	"0.001"	
734	"accipiat"	948	"3.438"	9	4	"0.001"	
735	"Pontificum"	914	"3.315"	9	8	"0.001"	
736	"egredietur"	243	"0.881"	9	5	"0.001"	
737	"manu"	4837	"17.543"	12	10	"0.001"	
738	"declaratur"	362	"1.313"	9	8	"0.001"	
739	"prefati"	738	"2.677"	9	9	"0.001"	
740	"Alcuinus"	191	"0.693"	9	7	"0.001"	
741	"euangelistarum"	200	"0.725"	9	7	"0.001"	
742	"tradidit"	1946	"7.058"	10	7	"0.001"	
743	"Ix"	1546	"5.607"	10	10	"0.001"	
744	"reperi"	181	"0.657"	9	8	"0.001"	
745	"aliorum"	2187	"7.932"	10	8	"0.001"	
746	"antiquorum"	381	"1.382"	9	9	"0.001"	
747	"fiat"	3249	"11.784"	11	11	"0.001"	
748	"Carolum"	674	"2.445"	9	7	"0.001"	
749	"triginta"	1573	"5.705"	10	10	"0.001"	
750	"prioris"	495	"1.795"	9	3	"0.001"	
751	"multos"	2001	"7.257"	10	9	"0.001"	
752	"sequenti"	621	"2.252"	9	9	"0.001"	
753	"uoluerit"	2172	"7.878"	10	8	"0.001"	
754	"Incarnatione"	367	"1.331"	9	8	"0.001"	
755	"Alcuini"	200	"0.725"	9	7	"0.001"	
756	"es"	6288	"22.806"	14	12	"0.001"	
757	"dum"	18066	"65.523"	22	19	"0.001"	
758	"Ezechiel"	363	"1.317"	9	5	"0.001"	
759	"dicuntur"	3173	"11.508"	11	11	"0.001"	
760	"Magni"	1511	"5.48"	10	8	"0.001"	
761	"Tabernaculo"	570	"2.067"	9	2	"0.001"	
762	"diuersos"	323	"1.172"	9	8	"0.001"	
763	"Pontificali"	193	"0.7"	9	4	"0.001"	
764	"totius"	3762	"13.644"	11	8	"0.001"	
765	"ipso"	9616	"34.876"	15	14	"0.001"	
766	"Trinitatis"	1748	"6.34"	10	9	"0.001"	
767	"expositionem"	198	"0.718"	9	7	"0.001"	
768	"Totus"	1602	"5.81"	10	9	"0.001"	
769	"luce"	1859	"6.742"	9	8	"0.001"	
770	"series"	244	"0.885"	8	8	"0.001"	
771	"Conciliorum"	212	"0.769"	8	6	"0.001"	
772	"legum"	408	"1.48"	8	6	"0.001"	
773	"Ade"	427	"1.549"	8	5	"0.001"	
774	"magis"	8781	"31.847"	14	14	"0.001"	
775	"Xxix"	329	"1.193"	8	7	"0.001"	
776	"Amalarius"	38	"0.138"	8	2	"0.001"	
777	"reperiatur"	104	"0.377"	8	8	"0.001"	
778	"memoriam"	1907	"6.916"	9	8	"0.001"	
779	"laqueis"	211	"0.765"	8	8	"0.001"	
780	"nostrum"	6305	"22.867"	12	11	"0.001"	
781	"imperatorem"	1046	"3.794"	9	8	"0.001"	
782	"institutione"	222	"0.805"	8	6	"0.001"	
783	"deleri"	67	"0.243"	8	7	"0.001"	
784	"dignus"	1376	"4.991"	9	7	"0.001"	
785	"apertius"	440	"1.596"	8	8	"0.001"	
786	"gestarum"	148	"0.537"	8	3	"0.001"	
787	"studio"	1811	"6.568"	9	9	"0.001"	
788	"Hymnorum"	56	"0.203"	8	7	"0.001"	
789	"expositum"	117	"0.424"	8	8	"0.001"	
790	"mystica"	399	"1.447"	8	5	"0.001"	
791	"factus"	4823	"17.492"	11	10	"0.001"	
792	"uidisse"	415	"1.505"	8	8	"0.001"	
793	"plagas"	322	"1.168"	8	8	"0.001"	
794	"Cypriani"	124	"0.45"	8	6	"0.001"	
795	"misit"	3285	"11.914"	10	10	"0.001"	
796	"Moysen"	1428	"5.179"	9	9	"0.001"	
797	"Areopagite"	48	"0.174"	8	3	"0.001"	
798	"beate"	1114	4.04.2015	9	8	"0.001"	
799	"dictum"	6978	"25.308"	13	11	"0.001"	
800	"Hebraicarum"	19	"0.069"	8	5	"0.001"	
801	"dextera"	1196	"4.338"	9	4	"0.001"	
802	"Lapsis"	111	"0.403"	8	6	"0.001"	
803	"doctoris"	397	"1.44"	8	6	"0.001"	
804	"quidquid"	4654	"16.879"	11	10	"0.001"	
805	"magnum"	1997	"7.243"	9	8	"0.001"	
806	"epistola"	4513	"16.368"	11	8	"0.001"	
807	"utique"	5038	"18.272"	11	10	"0.001"	
808	"debito"	334	"1.211"	8	5	"0.001"	
809	"precipue"	1288	"4.671"	9	8	"0.001"	
810	"Excerpta"	96	"0.348"	8	7	"0.001"	
811	"conscripserunt"	44	"0.16"	8	3	"0.001"	
812	"imponere"	234	"0.849"	8	3	"0.001"	
813	"preterea"	1228	"4.454"	9	8	"0.001"	
814	"Siquidem"	3033	11	10	8	"0.001"	
815	"coram"	4889	"17.732"	11	10	"0.001"	
816	"euangelista"	1406	"5.099"	9	7	"0.001"	
817	"Exstant"	172	"0.624"	8	8	"0.001"	
818	"Areopagita"	46	"0.167"	8	2	"0.001"	
819	"auctoritas"	1468	"5.324"	9	8	"0.001"	
820	"templi"	1758	"6.376"	9	3	"0.001"	
821	"reparatione"	69	"0.25"	8	2	"0.001"	
822	"Euangelium"	2772	"10.054"	10	7	"0.001"	
823	"beato"	1575	"5.712"	9	7	"0.001"	
824	"capp"	76	"0.276"	8	4	"0.001"	
825	"signatus"	107	"0.388"	8	8	"0.001"	
826	"confecit"	73	"0.265"	8	4	"0.001"	
827	"Perfectione"	385	"1.396"	8	6	"0.001"	
828	"illos"	5169	"18.747"	11	10	"0.001"	
829	"Xxu"	423	"1.534"	8	4	"0.001"	
830	"tria"	1611	"5.843"	9	9	"0.001"	
831	"lapsi"	132	"0.479"	8	2	"0.001"	
832	"Legant"	91	"0.33"	8	6	"0.001"	
833	"sacerdotes"	3065	"11.116"	10	9	"0.001"	
834	"nunquam"	4722	"17.126"	11	10	"0.001"	
835	"ceteris"	4447	"16.129"	11	10	"0.001"	
836	"legatur"	363	"1.317"	8	8	"0.001"	
837	"quedam"	3982	"14.442"	11	10	"0.001"	
838	"aliqua"	3067	"11.124"	10	10	"0.001"	
839	"multorum"	1411	"5.118"	9	8	"0.001"	
840	"propriis"	1541	"5.589"	9	7	"0.001"	
841	"medio"	3221	"11.682"	10	10	"0.001"	
842	"arbitrio"	1015	"3.681"	9	8	"0.001"	
843	"sensu"	1803	"6.539"	9	9	"0.001"	
844	"superiore"	177	"0.642"	8	7	"0.001"	
845	"cura"	1711	"6.206"	9	8	"0.001"	
846	"quantum"	6499	"23.571"	12	11	"0.001"	
847	"celi"	3203	"11.617"	9	8	"0.001"	
848	"uestimenta"	984	"3.569"	8	8	"0.001"	
849	"Xuiii"	904	"3.279"	8	7	"0.001"	
850	"hanc"	9345	"33.893"	13	13	"0.001"	
851	"principium"	1288	"4.671"	8	7	"0.001"	
852	"esset"	9536	"34.586"	13	11	"0.001"	
853	"canonicis"	448	"1.625"	8	6	"0.001"	
854	"ceteri"	1516	"5.498"	8	7	"0.001"	
855	"diaboli"	2237	"8.113"	9	9	"0.001"	
856	"epistolam"	1288	"4.671"	8	7	"0.001"	
857	"testimoniis"	524	"1.901"	8	8	"0.001"	
858	"diuinarum"	585	"2.122"	8	7	"0.001"	
859	"regis"	6472	"23.473"	11	8	"0.001"	
860	"uitam"	8938	"32.417"	13	13	"0.001"	
861	"integrum"	738	"2.677"	8	7	"0.001"	
862	"ecclesia"	14781	"53.609"	16	12	"0.001"	
863	"secularium"	450	"1.632"	8	7	"0.001"	
864	"Officiis"	615	"2.231"	8	8	"0.001"	
865	"Pastoris"	513	"1.861"	8	7	"0.001"	
866	"indicat"	602	"2.183"	8	8	"0.001"	
867	"Isaias"	1093	"3.964"	8	4	"0.001"	
868	"prophetam"	2601	"9.433"	9	8	"0.001"	
869	"lector"	723	"2.622"	8	7	"0.001"	
870	"adhuc"	7383	"26.777"	12	12	"0.001"	
871	"alterius"	2354	"8.538"	9	8	"0.001"	
872	"apostoli"	4794	"17.387"	10	9	"0.001"	
873	"sepe"	3840	"13.927"	10	6	"0.001"	
874	"numerus"	2131	"7.729"	9	8	"0.001"	
875	"Omnem"	5876	"21.311"	11	9	"0.001"	
876	"uir"	5824	"21.123"	11	11	"0.001"	
877	"at"	3787	"13.735"	10	7	"0.001"	
878	"nostrorum"	2327	"8.44"	9	6	"0.001"	
879	"Nunquid"	2642	"9.582"	9	8	"0.001"	
880	"meo"	3784	"13.724"	10	7	"0.001"	
881	"Ueritate"	2803	"10.166"	9	6	"0.001"	
882	"sacros"	486	"1.763"	8	7	"0.001"	
883	"nequaquam"	3283	"11.907"	9	9	"0.001"	
884	"sensum"	2402	"8.712"	9	9	"0.001"	
885	"uersus"	1098	"3.982"	8	8	"0.001"	
886	"hereticorum"	1271	"4.61"	8	6	"0.001"	
887	"custos"	569	"2.064"	8	2	"0.001"	
888	"constat"	2554	"9.263"	9	9	"0.001"	
889	"prout"	1383	"5.016"	8	8	"0.001"	
890	"nostro"	5724	"20.76"	11	8	"0.001"	
891	"pluribus"	821	"2.978"	8	8	"0.001"	
892	"inquit"	11832	"42.913"	15	14	"0.001"	
893	"nusquam"	677	"2.455"	8	7	"0.001"	
894	"singuli"	786	"2.851"	8	4	"0.001"	
895	"laude"	1094	"3.968"	8	8	"0.001"	
896	"eas"	3004	"10.895"	9	8	"0.001"	
897	"millia"	2134	"7.74"	9	7	"0.001"	
898	"nonnulla"	468	"1.697"	8	6	"0.001"	
899	"scribuntur"	117	"0.424"	7	7	"0.001"	
900	"Fulgentii"	42	"0.152"	7	6	"0.001"	
901	"homilia"	752	"2.727"	7	7	"0.001"	
902	"penitus"	2589	"9.39"	8	8	"0.001"	
903	"pleniter"	494	"1.792"	7	6	"0.001"	
904	"Marci"	289	"1.048"	7	6	"0.001"	
905	"fit"	3967	"14.388"	9	9	"0.001"	
906	"capitulum"	564	"2.046"	7	6	"0.001"	
907	"Paradiso"	750	"2.72"	7	3	"0.001"	
908	"conditor"	473	"1.716"	7	7	"0.001"	
909	"sufficienter"	336	"1.219"	7	7	"0.001"	
910	"Undecimus"	55	"0.2"	7	7	"0.001"	
911	"Ideo"	14608	"52.981"	15	15	"0.001"	
912	"possit"	5310	"19.259"	10	10	"0.001"	
913	"deest"	478	"1.734"	7	7	"0.001"	
914	"tunc"	14329	"51.969"	15	14	"0.001"	
915	"Redemptor"	782	"2.836"	7	5	"0.001"	
916	"nostris"	5969	"21.649"	10	9	"0.001"	
917	"uirginitate"	159	"0.577"	7	5	"0.001"	
918	"Peri"	12	"0.044"	7	4	"0.001"	
919	"quecunque"	1989	"7.214"	8	8	"0.001"	
920	"Eusebius"	189	"0.686"	7	6	"0.001"	
921	"postquam"	3897	"14.134"	9	9	"0.001"	
922	"latius"	383	"1.389"	7	7	"0.001"	
923	"Agnelli"	109	"0.395"	7	2	"0.001"	
924	"sacris"	2040	"7.399"	8	8	"0.001"	
925	"predicti"	801	"2.905"	7	7	"0.001"	
926	"eos"	21293	"77.227"	18	16	"0.001"	
927	"Ahie"	10	"0.036"	7	5	"0.001"	
928	"Penitentialis"	26	"0.094"	7	4	"0.001"	
929	"thronum"	373	"1.353"	7	7	"0.001"	
930	"Ione"	100	"0.363"	7	5	"0.001"	
931	"diuisione"	277	"1.005"	7	4	"0.001"	
932	"Saluatoris"	2546	"9.234"	8	6	"0.001"	
933	"Exstat"	335	"1.215"	7	6	"0.001"	
934	"nimirum"	2607	"9.455"	8	8	"0.001"	
935	"signati"	124	"0.45"	7	6	"0.001"	
936	"constituit"	1560	"5.658"	8	8	"0.001"	
937	"supradicto"	183	"0.664"	7	6	"0.001"	
938	"potui"	438	"1.589"	7	7	"0.001"	
939	"Alii"	5192	"18.831"	10	9	"0.001"	
940	"scire"	1876	"6.804"	8	8	"0.001"	
941	"significant"	943	"3.42"	7	7	"0.001"	
942	"patres"	2405	"8.723"	8	8	"0.001"	
943	"presbyter"	2311	"8.382"	8	7	"0.001"	
944	"Lex"	3682	"13.354"	9	8	"0.001"	
945	"Mattheus"	746	"2.706"	7	6	"0.001"	
946	"Eusebii"	189	"0.686"	7	5	"0.001"	
947	"Augustino"	321	"1.164"	7	6	"0.001"	
948	"Scriptor"	216	"0.783"	7	7	"0.001"	
949	"gentes"	4142	"15.022"	9	3	"0.001"	
950	"Cantica"	241	"0.874"	7	6	"0.001"	
951	"sex"	2329	"8.447"	9	6	"0.001"	
952	"imagines"	964	"3.496"	7	3	"0.001"	
953	"postmodum"	1759	"6.38"	8	7	"0.001"	
954	"accipere"	2325	"8.432"	8	6	"0.001"	
955	"Quinti"	106	"0.384"	7	7	"0.001"	
956	"facit"	5068	"18.381"	10	8	"0.001"	
957	"peccato"	3649	"13.234"	9	8	"0.001"	
958	"Decimi"	116	"0.421"	7	3	"0.001"	
959	"posuimus"	244	"0.885"	7	4	"0.001"	
960	"demonstratur"	477	"1.73"	7	7	"0.001"	
961	"ipsorum"	1702	"6.173"	8	8	"0.001"	
962	"dicente"	2087	"7.569"	8	8	"0.001"	
963	"Rabani"	79	"0.287"	7	5	"0.001"	
964	"apertus"	35	"0.127"	7	5	"0.001"	
965	"Filio"	5805	"21.054"	10	8	"0.001"	
966	"Christum"	10187	"36.947"	12	11	"0.001"	
967	"ostendunt"	479	"1.737"	7	7	"0.001"	
968	"declarat"	476	"1.726"	7	7	"0.001"	
969	"uelut"	3406	"12.353"	9	9	"0.001"	
970	"Epigrammatum"	9	"0.033"	7	2	"0.001"	
971	"saltem"	1600	"5.803"	8	8	"0.001"	
972	"Xx"	764	"2.771"	7	5	"0.001"	
973	"dicto"	689	"2.499"	7	7	"0.001"	
974	"modo"	10867	"39.413"	13	12	"0.001"	
975	"secunda"	1939	"7.033"	8	8	"0.001"	
976	"Cesariensis"	73	"0.265"	7	7	"0.001"	
977	"prefatus"	640	"2.321"	7	6	"0.001"	
978	"ecclesiasticum"	370	"1.342"	7	7	"0.001"	
979	"scriptis"	875	"3.174"	7	7	"0.001"	
980	"nominatur"	663	"2.405"	7	6	"0.001"	
981	"Silonitis"	9	"0.033"	7	5	"0.001"	
982	"ore"	4202	"15.24"	9	8	"0.001"	
983	"pars"	2809	"10.188"	8	8	"0.001"	
984	"tot"	1684	"6.108"	8	6	"0.001"	
985	"lasciuus"	35	"0.127"	7	6	"0.001"	
986	"Malachim"	34	"0.123"	7	7	"0.001"	
987	"Amos"	271	"0.983"	7	5	"0.001"	
988	"gentium"	3716	"13.477"	9	8	"0.001"	
989	"habens"	2084	"7.558"	8	8	"0.001"	
990	"testimonio"	876	"3.177"	7	7	"0.001"	
991	"causa"	7700	"27.927"	11	9	"0.001"	
992	"sint"	7864	"28.522"	11	10	"0.001"	
993	"Deo"	28999	"105.175"	22	17	"0.001"	
994	"motus"	1165	"4.225"	7	2	"0.001"	
995	"Hester"	18	"0.065"	6	3	"0.001"	
996	"una"	8906	"32.301"	11	9	"0.001"	
997	"Decretorum"	96	"0.348"	6	1	"0.001"	
998	"dicta"	3129	"11.348"	8	8	"0.001"	
999	"memorat"	197	"0.715"	6	6	"0.001"	
1000	"Romanorum"	1369	"4.965"	7	6	"0.001"	
1001	"seculi"	5061	"18.356"	9	9	"0.001"	
1002	"Grece"	1158	4.02.2015	7	5	"0.001"	
1003	"ordine"	3156	"11.446"	8	8	"0.001"	
1004	"constitutione"	254	"0.921"	6	4	"0.001"	
1005	"Leuitico"	212	"0.769"	6	4	"0.001"	
1006	"abbatis"	1136	4.12.2015	7	5	"0.001"	
1007	"quondam"	2078	"7.537"	7	7	"0.001"	
1008	"magnam"	1001	"3.631"	7	7	"0.001"	
1009	"episcopum"	3592	"13.028"	8	8	"0.001"	
1010	"Monacensis"	25	"0.091"	6	2	"0.001"	
1011	"Ezre"	17	"0.062"	6	5	"0.001"	
1012	"Scoti"	41	"0.149"	6	3	"0.001"	
1013	"significat"	4964	"18.004"	9	7	"0.001"	
1014	"Tricesimus"	67	"0.243"	6	1	"0.001"	
1015	"Duodecimus"	50	"0.181"	6	6	"0.001"	
1016	"reperiuntur"	242	"0.878"	6	5	"0.001"	
1017	"scribendi"	136	"0.493"	6	6	"0.001"	
1018	"Fratribus"	3064	"11.113"	8	8	"0.001"	
1019	"Cassiani"	93	"0.337"	6	4	"0.001"	
1020	"sexti"	50	"0.181"	6	6	"0.001"	
1021	"igne"	2063	"7.482"	7	7	"0.001"	
1022	"utriusque"	1273	"4.617"	7	7	"0.001"	
1023	"proprie"	2375	"8.614"	7	7	"0.001"	
1024	"legebat"	36	"0.131"	6	6	"0.001"	
1025	"sanctum"	6326	"22.944"	9	7	"0.001"	
1026	"Christianorum"	1047	"3.797"	7	6	"0.001"	
1027	"Dominum"	11718	"42.499"	12	10	"0.001"	
1028	"Lucam"	253	"0.918"	6	4	"0.001"	
1029	"nulla"	5661	"20.532"	9	9	"0.001"	
1030	"uix"	1790	"6.492"	7	7	"0.001"	
1031	"Pastoralem"	92	"0.334"	6	4	"0.001"	
1032	"tui"	5140	"18.642"	9	9	"0.001"	
1033	"prolixitas"	48	"0.174"	6	4	"0.001"	
1034	"eis"	17666	"64.072"	15	14	"0.001"	
1035	"additiones"	15	"0.054"	6	2	"0.001"	
1036	"Esdra"	59	"0.214"	6	2	"0.001"	
1037	"Exodus"	37	"0.134"	6	5	"0.001"	
1038	"Gedeon"	174	"0.631"	6	4	"0.001"	
1039	"creaturarum"	268	"0.972"	6	5	"0.001"	
1040	"prefatis"	248	"0.9"	6	3	"0.001"	
1041	"Prudentius"	88	"0.319"	6	5	"0.001"	
1042	"magna"	4439	16.01.2015	8	7	"0.001"	
1043	"explanat"	70	"0.254"	6	4	"0.001"	
1044	"clericorum"	993	"3.602"	7	6	"0.001"	
1045	"Deinde"	5116	"18.555"	9	9	"0.001"	
1046	"Iudaicus"	221	"0.802"	6	5	"0.001"	
1047	"Psalterium"	235	"0.852"	6	6	"0.001"	
1048	"legantur"	138	"0.501"	6	5	"0.001"	
1049	"Enchiridii"	7	"0.025"	6	1	"0.001"	
1050	"plurima"	1018	"3.692"	7	7	"0.001"	
1051	"Latinos"	187	"0.678"	6	6	"0.001"	
1052	"longe"	3330	"12.077"	8	7	"0.001"	
1053	"Maximinum"	57	"0.207"	6	3	"0.001"	
1054	"gesta"	1383	"5.016"	7	6	"0.001"	
1055	"catholice"	1669	"6.053"	7	4	"0.001"	
1056	"commenti"	14	"0.051"	6	4	"0.001"	
1057	"Pontificalis"	130	"0.472"	6	2	"0.001"	
1058	"dimissus"	124	"0.45"	6	5	"0.001"	
1059	"uasa"	1497	"5.429"	7	6	"0.001"	
1060	"Iuliani"	249	"0.903"	6	3	"0.001"	
1061	"Factum"	5854	"21.232"	9	9	"0.001"	
1062	"Paschasius"	134	"0.486"	6	3	"0.001"	
1063	"intelligi"	3002	"10.888"	8	6	"0.001"	
1064	"Tractatu"	240	"0.87"	6	5	"0.001"	
1065	"Quapropter"	2248	"8.153"	7	6	"0.001"	
1066	"lingua"	2354	"8.538"	7	7	"0.001"	
1067	"Apocalypsin"	47	"0.171"	6	5	"0.001"	
1068	"celum"	3831	"13.895"	8	7	"0.001"	
1069	"decreui"	101	"0.366"	6	4	"0.001"	
1070	"titulatur"	22	"0.08"	6	3	"0.001"	
1071	"disputat"	130	"0.472"	6	4	"0.001"	
1072	"litteras"	1398	5.07.2015	7	7	"0.001"	
1073	"alter"	2036	"7.384"	7	7	"0.001"	
1074	"Felicem"	277	"1.005"	6	4	"0.001"	
1075	"nostre"	6929	"25.131"	10	7	"0.001"	
1076	"numerum"	1830	"6.637"	7	6	"0.001"	
1077	"olim"	2184	"7.921"	7	7	"0.001"	
1078	"Clementis"	159	"0.577"	6	6	"0.001"	
1079	"plura"	1161	"4.211"	7	7	"0.001"	
1080	"testante"	269	"0.976"	6	6	"0.001"	
1081	"Iuda"	1951	"7.076"	7	6	"0.001"	
1082	"psalmus"	1429	"5.183"	7	6	"0.001"	
1083	"memorie"	1308	"4.744"	7	7	"0.001"	
1084	"Scribat"	88	"0.319"	6	5	"0.001"	
1085	"habeat"	3077	"11.16"	8	7	"0.001"	
1086	"tenet"	1172	"4.251"	7	6	"0.001"	
1087	"Xxxiii"	246	"0.892"	6	2	"0.001"	
1088	"ista"	5699	"20.669"	9	9	"0.001"	
1089	"locutus"	2328	"8.443"	7	6	"0.001"	
1090	"necnon"	1487	"5.393"	7	7	"0.001"	
1091	"notandum"	1612	"5.847"	7	7	"0.001"	
1092	"catalogo"	168	"0.609"	6	4	"0.001"	
1093	"uobis"	16104	"58.407"	14	14	"0.001"	
1094	"utrumque"	1761	"6.387"	7	6	"0.001"	
1095	"cuncta"	3543	"12.85"	8	8	"0.001"	
1096	"Questionibus"	203	"0.736"	6	6	"0.001"	
1097	"scribi"	172	"0.624"	6	6	"0.001"	
1098	"uersibus"	269	"0.976"	6	6	"0.001"	
1099	"profecto"	2155	"7.816"	7	7	"0.001"	
1100	"auctoris"	371	"1.346"	6	6	"0.001"	
1101	"octoginta"	352	"1.277"	6	6	"0.001"	
1102	"panes"	825	"2.992"	6	6	"0.001"	
1103	"considerandum"	399	"1.447"	6	4	"0.001"	
1104	"intelliguntur"	741	"2.688"	6	5	"0.001"	
1105	"Isaia"	664	"2.408"	6	5	"0.001"	
1106	"iuuenis"	449	"1.629"	6	6	"0.001"	
1107	"Euangeliste"	616	"2.234"	6	6	"0.001"	
1108	"auctoritatis"	1067	"3.87"	6	6	"0.001"	
1109	"c"	3493	"12.669"	7	7	"0.001"	
1110	"Ciuitatis"	2491	"9.035"	7	5	"0.001"	
1111	"potuit"	3329	"12.074"	7	7	"0.001"	
1112	"lapides"	1022	"3.707"	6	5	"0.001"	
1113	"Nature"	3245	"11.769"	7	4	"0.001"	
1114	"carmen"	320	"1.161"	6	6	"0.001"	
1115	"solummodo"	1434	"5.201"	6	5	"0.001"	
1116	"inuenit"	1618	"5.868"	6	6	"0.001"	
1117	"presentem"	1105	"4.008"	6	5	"0.001"	
1118	"Quinquaginta"	873	"3.166"	6	6	"0.001"	
1119	"Spiritum"	6423	"23.295"	8	6	"0.001"	
1120	"uiros"	1438	"5.215"	6	6	"0.001"	
1121	"personis"	812	"2.945"	6	3	"0.001"	
1122	"isti"	2860	"10.373"	7	6	"0.001"	
1123	"uariis"	1047	"3.797"	6	6	"0.001"	
1124	"eam"	10692	"38.778"	10	9	"0.001"	
1125	"questiones"	281	"1.019"	6	5	"0.001"	
1126	"aliqui"	757	"2.746"	6	4	"0.001"	
1127	"Responsio"	412	"1.494"	6	2	"0.001"	
1128	"exempla"	1187	"4.305"	6	6	"0.001"	
1129	"faciunt"	2717	"9.854"	7	7	"0.001"	
1130	"auctore"	842	"3.054"	6	6	"0.001"	
1131	"nempe"	785	"2.847"	6	6	"0.001"	
1132	"auro"	1222	"4.432"	6	6	"0.001"	
1133	"singulorum"	685	"2.484"	6	4	"0.001"	
1134	"uides"	692	"2.51"	6	4	"0.001"	
1135	"iisdem"	384	"1.393"	6	6	"0.001"	
1136	"tandem"	2476	"8.98"	7	5	"0.001"	
1137	"testis"	851	"3.087"	6	5	"0.001"	
1138	"propterea"	3112	"11.287"	7	7	"0.001"	
1139	"Regule"	532	"1.93"	6	5	"0.001"	
1140	"exiit"	364	"1.32"	6	4	"0.001"	
1141	"seriem"	375	"1.36"	6	6	"0.001"	
1142	"uerum"	8319	"30.172"	9	8	"0.001"	
1143	"Christus"	12693	"46.036"	11	9	"0.001"	
1144	"paganorum"	411	"1.491"	6	6	"0.001"	
1145	"intelligimus"	759	"2.753"	6	6	"0.001"	
1146	"episcopali"	416	"1.509"	6	5	"0.001"	
1147	"annum"	1701	"6.169"	6	6	"0.001"	
1148	"scientiam"	1621	"5.879"	6	6	"0.001"	
1149	"auctoritate"	3997	"14.497"	7	7	"0.001"	
1150	"Hactenus"	1292	"4.686"	6	6	"0.001"	
1151	"recte"	5301	"19.226"	8	6	"0.001"	
1152	"memoria"	1462	"5.303"	6	6	"0.001"	
1153	"ordines"	714	"2.59"	6	5	"0.001"	
1154	"usus"	1736	"6.296"	6	6	"0.001"	
1155	"temporum"	1249	"4.53"	6	6	"0.001"	
1156	"inuenire"	1087	"3.942"	6	4	"0.001"	
1157	"Mendacio"	365	"1.324"	6	6	"0.001"	
1158	"Ceterum"	1144	"4.149"	6	6	"0.001"	
1159	"uide"	1279	"4.639"	6	5	"0.001"	
1160	"Origine"	440	"1.596"	6	6	"0.001"	
1161	"comitis"	558	"2.024"	6	5	"0.001"	
1162	"ipsis"	4543	"16.477"	8	8	"0.001"	
1163	"Iudicium"	5420	"19.658"	8	8	"0.001"	
1164	"auri"	782	"2.836"	6	6	"0.001"	
1165	"Uocatione"	340	"1.233"	6	3	"0.001"	
1166	"contulit"	808	"2.931"	6	5	"0.001"	
1167	"arbitror"	708	"2.568"	6	6	"0.001"	
1168	"mysteriorum"	316	"1.146"	6	6	"0.001"	
1169	"auctores"	435	"1.578"	6	4	"0.001"	
1170	"Habes"	1184	"4.294"	6	5	"0.001"	
1171	"uidi"	927	"3.362"	6	6	"0.001"	
1172	"describit"	335	"1.215"	6	6	"0.001"	
1173	"domni"	1434	"5.201"	6	6	"0.001"	
1174	"aliud"	8095	"29.359"	9	8	"0.001"	
1175	"oratio"	1614	"5.854"	6	6	"0.001"	
1176	"circa"	3505	"12.712"	7	7	"0.001"	
1177	"desiderat"	919	"3.333"	6	5	"0.001"	
1178	"alibi"	2804	"10.17"	7	7	"0.001"	
1179	"recipiunt"	279	"1.012"	6	6	"0.001"	
1180	"sententiis"	525	"1.904"	6	6	"0.001"	
1181	"patet"	1198	"4.345"	6	6	"0.001"	
1182	"ingenii"	366	"1.327"	6	4	"0.001"	
1183	"prior"	1076	"3.903"	6	4	"0.001"	
1184	"en"	497	"1.803"	6	5	"0.001"	
1185	"adiutorio"	528	"1.915"	6	5	"0.001"	
1186	"Artis"	464	"1.683"	6	5	"0.001"	
1187	"permaneat"	574	"2.082"	6	4	"0.001"	
1188	"appellauit"	381	"1.382"	6	6	"0.001"	
1189	"scribens"	631	"2.289"	6	6	"0.001"	
1190	"Canticum"	726	"2.633"	6	5	"0.001"	
1191	"Osee"	285	"1.034"	6	4	"0.001"	
1192	"terminum"	631	"2.289"	6	6	"0.001"	
1193	"Dominica"	1279	"4.639"	6	3	"0.001"	
1194	"erant"	7471	"27.096"	9	8	"0.001"	
1195	"facta"	6440	"23.357"	8	8	"0.001"	
1196	"auctorem"	773	"2.804"	6	6	"0.001"	
1197	"Opera"	6363	"23.078"	8	6	"0.001"	
1198	"comprehendit"	313	"1.135"	6	6	"0.001"	
1199	"tanquam"	5523	"20.031"	8	7	"0.001"	
1200	"istos"	520	"1.886"	6	4	"0.001"	
1201	"exposuit"	384	"1.393"	5	5	"0.001"	
1202	"archiepiscopum"	682	"2.474"	5	5	"0.001"	
1203	"Nahum"	37	"0.134"	5	3	"0.001"	
1204	"nihil"	11730	"42.543"	10	10	"0.001"	
1205	"potestatem"	3063	"11.109"	6	6	"0.001"	
1206	"tuis"	3526	"12.788"	6	6	"0.001"	
1207	"dispositionum"	34	"0.123"	5	2	"0.001"	
1208	"litterarum"	856	"3.105"	5	5	"0.001"	
1209	"recipiebant"	31	"0.112"	5	4	"0.001"	
1210	"Sermones"	749	"2.717"	5	4	"0.001"	
1211	"solidos"	690	"2.503"	5	5	"0.001"	
1212	"Percussit"	664	"2.408"	5	4	"0.001"	
1213	"plicabitur"	5	"0.018"	5	5	"0.001"	
1214	"indicem"	29	"0.105"	5	5	"0.001"	
1215	"dicunt"	3419	12.04.2015	6	6	"0.001"	
1216	"disputatum"	60	"0.218"	5	3	"0.001"	
1217	"lectori"	115	"0.417"	5	5	"0.001"	
1218	"ecclesiasticorum"	163	"0.591"	5	4	"0.001"	
1219	"Elipandum"	34	"0.123"	5	4	"0.001"	
1220	"adiecit"	422	"1.531"	5	5	"0.001"	
1221	"Matthei"	253	"0.918"	5	4	"0.001"	
1222	"explanatione"	60	"0.218"	5	5	"0.001"	
1223	"arte"	867	"3.145"	5	5	"0.001"	
1224	"audit"	929	"3.369"	5	4	"0.001"	
1225	"Hebraicis"	33	"0.12"	5	4	"0.001"	
1226	"pariter"	3118	"11.309"	6	6	"0.001"	
1227	"congregauit"	244	"0.885"	5	5	"0.001"	
1228	"Synodo"	1933	"7.011"	6	3	"0.001"	
1229	"Xxxii"	260	"0.943"	5	3	"0.001"	
1230	"debere"	1928	"6.993"	6	4	"0.001"	
1231	"Tolle"	303	"1.099"	5	3	"0.001"	
1232	"libello"	400	"1.451"	5	5	"0.001"	
1233	"Malachie"	19	"0.069"	5	3	"0.001"	
1234	"rege"	2672	"9.691"	6	5	"0.001"	
1235	"Monitum"	108	"0.392"	5	5	"0.001"	
1236	"ornamenta"	322	"1.168"	5	4	"0.001"	
1237	"termino"	234	"0.849"	5	4	"0.001"	
1238	"plurimi"	510	"1.85"	5	4	"0.001"	
1239	"debitum"	780	"2.829"	5	3	"0.001"	
1240	"dicat"	4292	"15.566"	7	7	"0.001"	
1241	"presumpserit"	609	"2.209"	5	4	"0.001"	
1242	"priorum"	355	"1.288"	5	4	"0.001"	
1243	"Edificatione"	134	"0.486"	5	1	"0.001"	
1244	"loquens"	728	"2.64"	5	4	"0.001"	
1245	"multoties"	235	"0.852"	5	3	"0.001"	
1246	"Noni"	42	"0.152"	5	5	"0.001"	
1247	"obtulit"	833	"3.021"	5	5	"0.001"	
1248	"Pelagium"	52	"0.189"	5	2	"0.001"	
1249	"Philo"	18	"0.065"	5	4	"0.001"	
1250	"imposuit"	346	"1.255"	5	4	"0.001"	
1251	"terram"	8011	"29.055"	8	7	"0.001"	
1252	"ipsos"	2899	"10.514"	6	6	"0.001"	
1253	"dicentem"	768	"2.785"	5	5	"0.001"	
1254	"Tu"	9923	"35.989"	9	9	"0.001"	
1255	"istorum"	418	"1.516"	5	4	"0.001"	
1256	"Probatur"	838	"3.039"	5	5	"0.001"	
1257	"Radberti"	25	"0.091"	5	3	"0.001"	
1258	"arce"	630	"2.285"	5	5	"0.001"	
1259	"auctoribus"	224	"0.812"	5	4	"0.001"	
1260	"hodie"	2361	"8.563"	6	5	"0.001"	
1261	"conscriptus"	41	"0.149"	5	5	"0.001"	
1262	"descripsit"	127	"0.461"	5	5	"0.001"	
1263	"tractatum"	145	"0.526"	5	5	"0.001"	
1264	"Disciplina"	952	"3.453"	5	4	"0.001"	
1265	"ueluti"	1816	"6.586"	6	5	"0.001"	
1266	"Prosperum"	108	"0.392"	5	3	"0.001"	
1267	"Marcellinum"	50	"0.181"	5	2	"0.001"	
1268	"Romanis"	729	"2.644"	5	5	"0.001"	
1269	"solidentur"	8	"0.029"	5	3	"0.001"	
1270	"conditione"	676	"2.452"	5	5	"0.001"	
1271	"plerisque"	197	"0.715"	5	4	"0.001"	
1272	"Testamentorum"	151	"0.548"	5	5	"0.001"	
1273	"posset"	2669	"9.68"	6	6	"0.001"	
1274	"litteris"	2264	"8.211"	6	5	"0.001"	
1275	"Arium"	94	"0.341"	5	5	"0.001"	
1276	"femina"	814	"2.952"	5	5	"0.001"	
1277	"forte"	6594	"23.916"	8	7	"0.001"	
1278	"Paralipomenorum"	5	"0.018"	5	3	"0.001"	
1279	"continentem"	137	"0.497"	5	5	"0.001"	
1280	"perhibetur"	453	"1.643"	5	4	"0.001"	
1281	"Xxui"	385	"1.396"	5	4	"0.001"	
1282	"plurali"	189	"0.686"	5	4	"0.001"	
1283	"ipsa"	12425	"45.064"	10	9	"0.001"	
1284	"Turonensibus"	12	"0.044"	5	1	"0.001"	
1285	"prophetia"	721	"2.615"	5	5	"0.001"	
1286	"appellat"	897	"3.253"	5	5	"0.001"	
1287	"Hebrei"	598	"2.169"	5	5	"0.001"	
1288	"coniugii"	247	"0.896"	5	3	"0.001"	
1289	"tali"	1845	"6.692"	6	6	"0.001"	
1290	"cultu"	665	"2.412"	5	5	"0.001"	
1291	"terminetur"	72	"0.261"	5	2	"0.001"	
1292	"delebo"	61	"0.221"	5	5	"0.001"	
1293	"Differentiarum"	22	"0.08"	5	5	"0.001"	
1294	"dolore"	943	"3.42"	5	5	"0.001"	
1295	"aduocatus"	286	"1.037"	5	3	"0.001"	
1296	"Etherii"	22	"0.08"	5	1	"0.001"	
1297	"respicere"	202	"0.733"	5	4	"0.001"	
1298	"Expositio"	166	"0.602"	5	5	"0.001"	
1299	"sanctos"	1819	"6.597"	6	6	"0.001"	
1300	"scriptorum"	173	"0.627"	5	4	"0.001"	
1301	"Christiane"	685	"2.484"	5	5	"0.001"	
1302	"ostendimus"	297	"1.077"	5	4	"0.001"	
1303	"toto"	3112	"11.287"	6	6	"0.001"	
1304	"Predicatione"	966	"3.504"	5	3	"0.001"	
1305	"legendo"	160	"0.58"	5	5	"0.001"	
1306	"Agone"	197	"0.715"	5	4	"0.001"	
1307	"manifestissime"	260	"0.943"	5	5	"0.001"	
1308	"aliquis"	2776	"10.068"	6	5	"0.001"	
1309	"Regularum"	96	"0.348"	5	5	"0.001"	
1310	"Mediolanensis"	114	"0.414"	5	2	"0.001"	
1311	"anni"	2145	"7.78"	6	4	"0.001"	
1312	"reuera"	711	"2.579"	5	5	"0.001"	
1313	"exhibet"	304	"1.103"	5	5	"0.001"	
1314	"nouis"	289	"1.048"	5	4	"0.001"	
1315	"capitulari"	98	"0.355"	5	4	"0.001"	
1316	"comprobatur"	244	"0.885"	5	5	"0.001"	
1317	"conscripti"	59	"0.214"	5	5	"0.001"	
1318	"Plaga"	557	2.02.2015	5	5	"0.001"	
1319	"theologia"	164	"0.595"	5	2	"0.001"	
1320	"predictus"	769	"2.789"	5	5	"0.001"	
1321	"tue"	5257	"19.066"	7	7	"0.001"	
1322	"discere"	421	"1.527"	5	5	"0.001"	
1323	"legite"	30	"0.109"	5	4	"0.001"	
1324	"Ludouicum"	247	"0.896"	5	5	"0.001"	
1325	"manuscriptis"	26	"0.094"	5	3	"0.001"	
1326	"rei"	2694	"9.771"	6	6	"0.001"	
1327	"Romane"	1941	7.04.2015	6	5	"0.001"	
1328	"Baruch"	62	"0.225"	5	2	"0.001"	
1329	"breui"	572	"2.075"	5	5	"0.001"	
1330	"offert"	502	"1.821"	5	5	"0.001"	
1331	"conditi"	135	"0.49"	5	5	"0.001"	
1332	"penuria"	127	"0.461"	5	4	"0.001"	
1333	"intentio"	688	"2.495"	5	3	"0.001"	
1334	"tractauimus"	51	"0.185"	5	3	"0.001"	
1335	"Isaiam"	496	"1.799"	5	4	"0.001"	
1336	"tulit"	806	"2.923"	5	5	"0.001"	
1337	"lectionem"	318	"1.153"	5	5	"0.001"	
1338	"quicunque"	2670	"9.684"	6	6	"0.001"	
1339	"Apologeticum"	25	"0.091"	5	5	"0.001"	
1340	"Arianos"	65	"0.236"	5	2	"0.001"	
1341	"natiuitate"	596	"2.162"	5	5	"0.001"	
1342	"sermonis"	754	"2.735"	5	5	"0.001"	
1343	"Haud"	963	"3.493"	5	5	"0.001"	
1344	"idolorum"	813	"2.949"	5	5	"0.001"	
1345	"contemptoris"	18	"0.065"	5	2	"0.001"	
1346	"synodi"	711	"2.579"	5	4	"0.001"	
1347	"Tobi"	10	"0.036"	5	4	"0.001"	
1348	"quatuordecim"	273	"0.99"	5	4	"0.001"	
1349	"Abraham"	2764	"10.025"	6	5	"0.001"	
1350	"reperimus"	253	"0.918"	5	5	"0.001"	
1351	"fertur"	896	"3.25"	5	5	"0.001"	
1352	"frater"	3190	"11.57"	6	5	"0.001"	
1353	"Hebraicorum"	11	"0.04"	5	3	"0.001"	
1354	"Codicibus"	346	"1.255"	5	5	"0.001"	
1355	"utilis"	392	"1.422"	5	5	"0.001"	
1356	"debet"	4982	"18.069"	7	6	"0.001"	
1357	"teste"	710	"2.575"	5	5	"0.001"	
1358	"posterioribus"	127	"0.461"	5	4	"0.001"	
1359	"diaconi"	730	"2.648"	5	3	"0.001"	
1360	"Iudeorum"	3613	"13.104"	6	6	"0.001"	
1361	"edidi"	28	"0.102"	5	5	"0.001"	
1362	"regem"	4696	"17.032"	7	7	"0.001"	
1363	"Etenim"	2603	"9.441"	6	6	"0.001"	
1364	"exponunt"	87	"0.316"	5	5	"0.001"	
1365	"sedecim"	118	"0.428"	5	3	"0.001"	
1366	"uidere"	2288	"8.298"	6	6	"0.001"	
1367	"uirtus"	3165	"11.479"	6	5	"0.001"	
1368	"huiusmodi"	3496	"12.68"	6	6	"0.001"	
1369	"conscientie"	454	"1.647"	5	5	"0.001"	
1370	"postulat"	428	"1.552"	5	4	"0.001"	
1371	"Uarronis"	6	"0.022"	5	5	"0.001"	
1372	"loqueretur"	415	"1.505"	5	5	"0.001"	
1373	"quotiescunque"	276	"1.001"	5	5	"0.001"	
1374	"exemplum"	2462	"8.929"	6	4	"0.001"	
1375	"Nepotis"	76	"0.276"	5	3	"0.001"	
1376	"bibliotheca"	214	"0.776"	5	4	"0.001"	
1377	"Heresibus"	92	"0.334"	5	5	"0.001"	
1378	"historiis"	118	"0.428"	5	4	"0.001"	
1379	"studuit"	494	"1.792"	5	5	"0.001"	
1380	"conscripta"	248	"0.9"	5	5	"0.001"	
1381	"Theodosii"	125	"0.453"	5	3	"0.001"	
1382	"poterit"	2245	"8.142"	6	6	"0.001"	
1383	"dicere"	4835	"17.536"	7	5	"0.001"	
1384	"Primam"	910	3.03.2015	5	5	"0.001"	
1385	"quisque"	2318	"8.407"	5	5	"0.001"	
1386	"manus"	5645	"20.474"	6	6	"0.001"	
1387	"rite"	1044	"3.786"	5	4	"0.001"	
1388	"exinde"	1244	"4.512"	5	5	"0.001"	
1389	"gratiam"	6394	"23.19"	7	6	"0.001"	
1390	"uidit"	2598	"9.423"	5	4	"0.001"	
1391	"Ioseph"	1767	"6.409"	5	4	"0.001"	
1392	"Duabus"	1108	"4.019"	5	5	"0.001"	
1393	"rem"	1783	"6.467"	5	5	"0.001"	
1394	"missus"	1398	5.07.2015	5	5	"0.001"	
1395	"extra"	2607	"9.455"	5	4	"0.001"	
1396	"scientie"	1694	"6.144"	5	4	"0.001"	
1397	"Hominis"	6445	"23.375"	7	7	"0.001"	
1398	"creditur"	1063	"3.855"	5	2	"0.001"	
1399	"sacerdos"	2980	"10.808"	5	5	"0.001"	
1400	"fere"	991	"3.594"	5	5	"0.001"	
1401	"Francorum"	1894	"6.869"	5	4	"0.001"	
1402	"Ordo"	1921	"6.967"	5	4	"0.001"	
1403	"Iudei"	2788	"10.112"	5	5	"0.001"	
1404	"maxima"	1047	"3.797"	5	5	"0.001"	
1405	"multo"	2677	"9.709"	5	5	"0.001"	
1406	"faceret"	1166	"4.229"	5	5	"0.001"	
1407	"continuo"	1374	"4.983"	5	4	"0.001"	
1408	"Talibus"	1984	"7.196"	5	5	"0.001"	
1409	"Pascha"	1826	"6.623"	5	2	"0.001"	
1410	"aliquo"	2384	"8.646"	5	4	"0.001"	
1411	"medium"	1211	"4.392"	5	5	"0.001"	
1412	"miracula"	1062	"3.852"	5	4	"0.001"	
1413	"suam"	12923	"46.87"	9	9	"0.001"	
1414	"Is"	2320	"8.414"	5	5	"0.001"	
1415	"litteram"	1360	"4.933"	5	5	"0.001"	
1416	"Rebus"	4893	"17.746"	6	6	"0.001"	
1417	"Oratione"	1485	"5.386"	5	2	"0.001"	
1418	"Tempora"	2546	"9.234"	5	3	"0.001"	
1419	"Deum"	18759	"68.036"	11	11	"0.001"	
1420	"martyris"	2540	"9.212"	5	5	"0.001"	
1421	"antea"	1450	"5.259"	5	5	"0.001"	
1422	"modum"	2159	"7.83"	5	5	"0.001"	
1423	"audi"	1151	"4.175"	5	5	"0.001"	
1424	"debeat"	2020	"7.326"	5	4	"0.001"	
1425	"die"	13670	"49.579"	9	9	"0.001"	
1426	"habebat"	1733	"6.285"	5	5	"0.001"	
1427	"tota"	3787	"13.735"	6	6	"0.001"	
1428	"ualde"	2980	"10.808"	5	5	"0.001"	
1429	"qualiter"	3848	"13.956"	6	6	"0.001"	
1430	"!"	3970	"14.399"	6	6	"0.001"	
1431	"aliquem"	1228	"4.454"	5	5	"0.001"	
1432	"Sacri"	1206	"4.374"	5	4	"0.001"	
1433	"notitiam"	1035	"3.754"	5	5	"0.001"	
1434	"ob"	5009	"18.167"	6	6	"0.001"	
1435	"uideretur"	1012	"3.67"	5	5	"0.001"	
1436	"Statim"	2835	"10.282"	5	5	"0.001"	
1437	"insuper"	1715	"6.22"	5	5	"0.001"	
1438	"Laus"	1005	"3.645"	5	4	"0.001"	
1439	"Ego"	14898	"54.033"	9	9	"0.001"	
1440	"minus"	3836	"13.913"	6	6	"0.001"	
1441	"Sapientia"	3918	"14.21"	6	6	"0.001"	
1442	"opere"	3797	"13.771"	6	3	"0.001"	
1443	"sua"	17389	"63.067"	10	10	"0.001"	
1444	"ira"	1975	"7.163"	5	2	"0.001"	
1445	"proinde"	1158	4.02.2015	5	5	"0.001"	
1446	"annos"	4404	"15.973"	6	6	"0.001"	
1447	"Saul"	1031	"3.739"	5	5	"0.001"	
1448	"fecerit"	1796	"6.514"	5	5	"0.001"	
1449	"nil"	1573	"5.705"	6	5	"0.001"	
1450	"positum"	1073	"3.892"	5	5	"0.001"	
1451	"adeo"	1586	"5.752"	5	5	"0.001"	
1452	"quodammodo"	1085	"3.935"	5	4	"0.001"	
1453	"magister"	1270	"4.606"	5	5	"0.001"	
1454	"Marie"	2048	"7.428"	5	5	"0.001"	
1455	"foris"	1679	6.09.2015	5	5	"0.001"	
1456	"Canones"	1603	"5.814"	5	5	"0.001"	
1457	"undique"	1251	"4.537"	5	4	"0.001"	
1458	"diu"	2085	"7.562"	5	5	"0.001"	
1459	"Fac"	1326	"4.809"	5	4	"0.001"	
1460	"sumus"	6102	"22.131"	6	6	"0.001"	
1461	"culpa"	1611	"5.843"	5	4	"0.001"	
1462	"precepta"	2611	"9.47"	5	5	"0.001"	
1463	"facile"	1679	6.09.2015	5	5	"0.001"	
1464	"bellum"	1196	"4.338"	5	5	"0.001"	
1465	"partes"	2365	"8.578"	5	4	"0.001"	
1466	"Petrum"	1355	"4.914"	5	4	"0.001"	
1467	"Actibus"	1696	"6.151"	5	5	"0.001"	
1468	"populo"	5161	"18.718"	6	6	"0.001"	
1469	"intelligere"	2159	"7.83"	5	5	"0.001"	
1470	"ratione"	3174	"11.512"	5	5	"0.001"	
1471	"mei"	5165	"18.733"	5	4	"0.001"	
1472	"sententia"	3288	"11.925"	5	4	"0.001"	
1473	"Samuel"	393	"1.425"	5	3	"0.001"	
1474	"nostram"	4284	"15.537"	5	5	"0.001"	
1475	"sine"	17552	"63.659"	9	8	"0.001"	
1476	"unusquisque"	3064	"11.113"	5	5	"0.001"	
1477	"morte"	4064	"14.74"	5	5	"0.001"	
1478	"fuerint"	3718	"13.485"	5	5	"0.001"	
1479	"semper"	14445	"52.39"	8	8	"0.001"	
1480	"Euangelio"	4753	"17.238"	5	5	"0.001"	
1481	"annis"	3802	"13.789"	5	5	"0.001"	
1482	"Rex"	9240	"33.512"	6	6	"0.001"	
1483	"sensus"	3828	"13.884"	5	4	"0.001"	
1484	"celestis"	3200	"11.606"	5	5	"0.001"	
1485	"nostra"	9321	"33.806"	7	6	"0.001"	
1486	"hominem"	6415	"23.266"	6	6	"0.001"	
1487	"Dedit"	5078	"18.417"	5	5	"0.001"	
1488	"quatenus"	4173	"15.135"	5	5	"0.001"	
1489	"episcopo"	4956	"17.975"	5	5	"0.001"	
1490	"absque"	4330	"15.704"	5	5	"0.001"	
1491	"fratres"	5632	"20.426"	5	5	"0.001"	
1492	"fidem"	9048	"32.816"	6	6	"0.001"	
1493	"Petrus"	3145	"11.406"	5	5	"0.001"	
1494	"cunctis"	3943	"14.301"	5	4	"0.001"	
1495	"terra"	10001	"36.272"	7	5	"0.001"	
1496	"tanta"	3249	"11.784"	5	4	"0.001"	
1497	"melius"	3086	"11.193"	5	4	"0.001"	
1498	"mox"	4291	"15.563"	5	5	"0.001"	
1499	"sermo"	3100	"11.243"	5	5	"0.001"	
1500	"uestre"	4617	"16.745"	5	5	"0.001"	
1501	"potius"	4608	"16.713"	5	5	"0.001"	
1502	"Episcopis"	3373	"12.233"	5	5	"0.001"	
1503	"possunt"	4386	"15.907"	5	5	"0.001"	
1504	"uiri"	4657	"16.89"	5	5	"0.001"	
1505	"dies"	9338	"33.868"	6	6	"0.001"	
1506	"omnino"	4403	"15.969"	5	5	"0.001"	
1507	"peccati"	3577	"12.973"	5	5	"0.001"	
1508	"Prius"	6813	"24.71"	6	4	"0.001"	
1509	"legem"	5254	"19.056"	5	4	"0.001"	
1510	"mundi"	7879	"28.576"	6	5	"0.001"	
1511	"tua"	9484	"34.397"	7	7	"0.001"	
1512	"iustitia"	3349	"12.146"	5	5	"0.001"	
1513	"ecclesiam"	8817	"31.978"	5	5	"0.001"	
1514	"corporis"	6617	"23.999"	5	5	"0.001"	
1515	"uos"	17265	"62.618"	8	7	"0.001"	
1516	"tempus"	6697	"24.289"	5	5	"0.001"	
1517	"tuum"	6539	"23.716"	5	5	"0.001"	
1518	"anima"	6506	"23.596"	5	5	"0.001"	
1519	"filius"	12707	"46.086"	6	6	"0.001"	
1520	"facere"	6211	"22.526"	5	3	"0.001"	
1521	"Uenit"	6490	"23.538"	5	5	"0.001"	
1522	"hominum"	6709	"24.333"	5	5	"0.001"	
1523	"apostolus"	10154	"36.827"	6	6	"0.001"	
1524	"aliquid"	7044	"25.548"	5	5	"0.001"	
1525	"Christo"	11863	"43.025"	5	5	0	
